file,class,method,variable,usage
D:\UMBC\701\sbom-finder\sbom-finder-backend\src\main\java\com\sbomfinder\model\ExternalReference.java,com.sbomfinder.model.ExternalReference,getSbom/0,sbom,1
D:\UMBC\701\sbom-finder\sbom-finder-backend\src\main\java\com\sbomfinder\model\ExternalReference.java,com.sbomfinder.model.ExternalReference,setReferenceType/1[java.lang.String],referenceType,3
D:\UMBC\701\sbom-finder\sbom-finder-backend\src\main\java\com\sbomfinder\model\ExternalReference.java,com.sbomfinder.model.ExternalReference,getReferenceCategory/0,referenceCategory,1
D:\UMBC\701\sbom-finder\sbom-finder-backend\src\main\java\com\sbomfinder\model\ExternalReference.java,com.sbomfinder.model.ExternalReference,"ExternalReference/4[com.sbomfinder.model.Sbom,java.lang.String,java.lang.String,java.lang.String]",referenceLocator,3
D:\UMBC\701\sbom-finder\sbom-finder-backend\src\main\java\com\sbomfinder\model\ExternalReference.java,com.sbomfinder.model.ExternalReference,"ExternalReference/4[com.sbomfinder.model.Sbom,java.lang.String,java.lang.String,java.lang.String]",sbom,3
D:\UMBC\701\sbom-finder\sbom-finder-backend\src\main\java\com\sbomfinder\model\ExternalReference.java,com.sbomfinder.model.ExternalReference,"ExternalReference/4[com.sbomfinder.model.Sbom,java.lang.String,java.lang.String,java.lang.String]",referenceType,3
D:\UMBC\701\sbom-finder\sbom-finder-backend\src\main\java\com\sbomfinder\model\ExternalReference.java,com.sbomfinder.model.ExternalReference,"ExternalReference/4[com.sbomfinder.model.Sbom,java.lang.String,java.lang.String,java.lang.String]",referenceCategory,3
D:\UMBC\701\sbom-finder\sbom-finder-backend\src\main\java\com\sbomfinder\model\ExternalReference.java,com.sbomfinder.model.ExternalReference,getReferenceType/0,referenceType,1
D:\UMBC\701\sbom-finder\sbom-finder-backend\src\main\java\com\sbomfinder\model\ExternalReference.java,com.sbomfinder.model.ExternalReference,setId/1[java.lang.Long],id,3
D:\UMBC\701\sbom-finder\sbom-finder-backend\src\main\java\com\sbomfinder\model\ExternalReference.java,com.sbomfinder.model.ExternalReference,setReferenceCategory/1[java.lang.String],referenceCategory,3
D:\UMBC\701\sbom-finder\sbom-finder-backend\src\main\java\com\sbomfinder\model\ExternalReference.java,com.sbomfinder.model.ExternalReference,setReferenceLocator/1[java.lang.String],referenceLocator,3
D:\UMBC\701\sbom-finder\sbom-finder-backend\src\main\java\com\sbomfinder\model\ExternalReference.java,com.sbomfinder.model.ExternalReference,getId/0,id,1
D:\UMBC\701\sbom-finder\sbom-finder-backend\src\main\java\com\sbomfinder\model\ExternalReference.java,com.sbomfinder.model.ExternalReference,setSbom/1[com.sbomfinder.model.Sbom],sbom,3
D:\UMBC\701\sbom-finder\sbom-finder-backend\src\main\java\com\sbomfinder\model\ExternalReference.java,com.sbomfinder.model.ExternalReference,getReferenceLocator/0,referenceLocator,1
D:\UMBC\701\sbom-finder\sbom-finder-backend\src\main\java\com\sbomfinder\controller\SbomController.java,com.sbomfinder.controller.SbomController$DeviceDetailsResponse,"DeviceDetailsResponse/4[com.sbomfinder.model.Device,com.sbomfinder.model.Sbom,java.util.List<com.sbomfinder.model.SoftwarePackage>,java.util.List<com.sbomfinder.model.ExternalReference>]",externalReferences,3
D:\UMBC\701\sbom-finder\sbom-finder-backend\src\main\java\com\sbomfinder\controller\SbomController.java,com.sbomfinder.controller.SbomController$DeviceDetailsResponse,"DeviceDetailsResponse/4[com.sbomfinder.model.Device,com.sbomfinder.model.Sbom,java.util.List<com.sbomfinder.model.SoftwarePackage>,java.util.List<com.sbomfinder.model.ExternalReference>]",sbomDetails,1
D:\UMBC\701\sbom-finder\sbom-finder-backend\src\main\java\com\sbomfinder\controller\SbomController.java,com.sbomfinder.controller.SbomController$DeviceDetailsResponse,"DeviceDetailsResponse/4[com.sbomfinder.model.Device,com.sbomfinder.model.Sbom,java.util.List<com.sbomfinder.model.SoftwarePackage>,java.util.List<com.sbomfinder.model.ExternalReference>]",softwarePackages,3
D:\UMBC\701\sbom-finder\sbom-finder-backend\src\main\java\com\sbomfinder\controller\SbomController.java,com.sbomfinder.controller.SbomController$DeviceDetailsResponse,"DeviceDetailsResponse/4[com.sbomfinder.model.Device,com.sbomfinder.model.Sbom,java.util.List<com.sbomfinder.model.SoftwarePackage>,java.util.List<com.sbomfinder.model.ExternalReference>]",category,1
D:\UMBC\701\sbom-finder\sbom-finder-backend\src\main\java\com\sbomfinder\controller\SbomController.java,com.sbomfinder.controller.SbomController$DeviceDetailsResponse,"DeviceDetailsResponse/4[com.sbomfinder.model.Device,com.sbomfinder.model.Sbom,java.util.List<com.sbomfinder.model.SoftwarePackage>,java.util.List<com.sbomfinder.model.ExternalReference>]",deviceName,1
D:\UMBC\701\sbom-finder\sbom-finder-backend\src\main\java\com\sbomfinder\controller\SbomController.java,com.sbomfinder.controller.SbomController$DeviceDetailsResponse,"DeviceDetailsResponse/4[com.sbomfinder.model.Device,com.sbomfinder.model.Sbom,java.util.List<com.sbomfinder.model.SoftwarePackage>,java.util.List<com.sbomfinder.model.ExternalReference>]",operatingSystem,1
D:\UMBC\701\sbom-finder\sbom-finder-backend\src\main\java\com\sbomfinder\controller\SbomController.java,com.sbomfinder.controller.SbomController$DeviceDetailsResponse,"DeviceDetailsResponse/4[com.sbomfinder.model.Device,com.sbomfinder.model.Sbom,java.util.List<com.sbomfinder.model.SoftwarePackage>,java.util.List<com.sbomfinder.model.ExternalReference>]",manufacturer,1
D:\UMBC\701\sbom-finder\sbom-finder-backend\src\main\java\com\sbomfinder\dto\CommonSoftwareDTO.java,com.sbomfinder.dto.CommonSoftwareDTO,getComponentType/0,componentType,1
D:\UMBC\701\sbom-finder\sbom-finder-backend\src\main\java\com\sbomfinder\dto\CommonSoftwareDTO.java,com.sbomfinder.dto.CommonSoftwareDTO,getVersionDevice1/0,versionDevice1,1
D:\UMBC\701\sbom-finder\sbom-finder-backend\src\main\java\com\sbomfinder\dto\CommonSoftwareDTO.java,com.sbomfinder.dto.CommonSoftwareDTO,getVersionDevice2/0,versionDevice2,1
D:\UMBC\701\sbom-finder\sbom-finder-backend\src\main\java\com\sbomfinder\dto\CommonSoftwareDTO.java,com.sbomfinder.dto.CommonSoftwareDTO,"CommonSoftwareDTO/6[java.lang.String,java.lang.String,java.lang.String,java.lang.String,java.lang.String,java.lang.String]",versionDevice1,3
D:\UMBC\701\sbom-finder\sbom-finder-backend\src\main\java\com\sbomfinder\dto\CommonSoftwareDTO.java,com.sbomfinder.dto.CommonSoftwareDTO,"CommonSoftwareDTO/6[java.lang.String,java.lang.String,java.lang.String,java.lang.String,java.lang.String,java.lang.String]",componentType,3
D:\UMBC\701\sbom-finder\sbom-finder-backend\src\main\java\com\sbomfinder\dto\CommonSoftwareDTO.java,com.sbomfinder.dto.CommonSoftwareDTO,"CommonSoftwareDTO/6[java.lang.String,java.lang.String,java.lang.String,java.lang.String,java.lang.String,java.lang.String]",supplierDevice1,3
D:\UMBC\701\sbom-finder\sbom-finder-backend\src\main\java\com\sbomfinder\dto\CommonSoftwareDTO.java,com.sbomfinder.dto.CommonSoftwareDTO,"CommonSoftwareDTO/6[java.lang.String,java.lang.String,java.lang.String,java.lang.String,java.lang.String,java.lang.String]",versionDevice2,3
D:\UMBC\701\sbom-finder\sbom-finder-backend\src\main\java\com\sbomfinder\dto\CommonSoftwareDTO.java,com.sbomfinder.dto.CommonSoftwareDTO,"CommonSoftwareDTO/6[java.lang.String,java.lang.String,java.lang.String,java.lang.String,java.lang.String,java.lang.String]",name,3
D:\UMBC\701\sbom-finder\sbom-finder-backend\src\main\java\com\sbomfinder\dto\CommonSoftwareDTO.java,com.sbomfinder.dto.CommonSoftwareDTO,"CommonSoftwareDTO/6[java.lang.String,java.lang.String,java.lang.String,java.lang.String,java.lang.String,java.lang.String]",supplierDevice2,3
D:\UMBC\701\sbom-finder\sbom-finder-backend\src\main\java\com\sbomfinder\dto\CommonSoftwareDTO.java,com.sbomfinder.dto.CommonSoftwareDTO,getSupplierDevice1/0,supplierDevice1,1
D:\UMBC\701\sbom-finder\sbom-finder-backend\src\main\java\com\sbomfinder\dto\CommonSoftwareDTO.java,com.sbomfinder.dto.CommonSoftwareDTO,getSupplierDevice2/0,supplierDevice2,1
D:\UMBC\701\sbom-finder\sbom-finder-backend\src\main\java\com\sbomfinder\dto\CommonSoftwareDTO.java,com.sbomfinder.dto.CommonSoftwareDTO,getName/0,name,1
D:\UMBC\701\sbom-finder\sbom-finder-backend\src\main\java\com\sbomfinder\service\VulnerabilityService.java,com.sbomfinder.service.VulnerabilityService,getVulnerabilitiesByPackageId/1[java.lang.Long],softwarePackageRepository,1
D:\UMBC\701\sbom-finder\sbom-finder-backend\src\main\java\com\sbomfinder\dto\CompareDevicesRequest.java,com.sbomfinder.dto.CompareDevicesRequest,getDevice_1/0,device_1,1
D:\UMBC\701\sbom-finder\sbom-finder-backend\src\main\java\com\sbomfinder\dto\CompareDevicesRequest.java,com.sbomfinder.dto.CompareDevicesRequest,getDevice_2/0,device_2,1
D:\UMBC\701\sbom-finder\sbom-finder-backend\src\main\java\com\sbomfinder\dto\CompareDevicesRequest.java,com.sbomfinder.dto.CompareDevicesRequest,setDevice_2/1[java.lang.Long],device_2,3
D:\UMBC\701\sbom-finder\sbom-finder-backend\src\main\java\com\sbomfinder\dto\CompareDevicesRequest.java,com.sbomfinder.dto.CompareDevicesRequest,setDevice_1/1[java.lang.Long],device_1,3
D:\UMBC\701\sbom-finder\sbom-finder-backend\src\main\java\com\sbomfinder\dto\VulnerabilityDTO.java,com.sbomfinder.dto.VulnerabilityDTO,setCveId/1[java.lang.String],cveId,3
D:\UMBC\701\sbom-finder\sbom-finder-backend\src\main\java\com\sbomfinder\dto\VulnerabilityDTO.java,com.sbomfinder.dto.VulnerabilityDTO,setSeverity/1[java.lang.String],severity,3
D:\UMBC\701\sbom-finder\sbom-finder-backend\src\main\java\com\sbomfinder\dto\VulnerabilityDTO.java,com.sbomfinder.dto.VulnerabilityDTO,getDescription/0,description,1
D:\UMBC\701\sbom-finder\sbom-finder-backend\src\main\java\com\sbomfinder\dto\VulnerabilityDTO.java,com.sbomfinder.dto.VulnerabilityDTO,getCveId/0,cveId,1
D:\UMBC\701\sbom-finder\sbom-finder-backend\src\main\java\com\sbomfinder\dto\VulnerabilityDTO.java,com.sbomfinder.dto.VulnerabilityDTO,setDescription/1[java.lang.String],description,3
D:\UMBC\701\sbom-finder\sbom-finder-backend\src\main\java\com\sbomfinder\dto\VulnerabilityDTO.java,com.sbomfinder.dto.VulnerabilityDTO,setSeverityLevel/1[java.lang.String],severityLevel,3
D:\UMBC\701\sbom-finder\sbom-finder-backend\src\main\java\com\sbomfinder\dto\VulnerabilityDTO.java,com.sbomfinder.dto.VulnerabilityDTO,getSourceUrl/0,sourceUrl,1
D:\UMBC\701\sbom-finder\sbom-finder-backend\src\main\java\com\sbomfinder\dto\VulnerabilityDTO.java,com.sbomfinder.dto.VulnerabilityDTO,getSeverity/0,severity,1
D:\UMBC\701\sbom-finder\sbom-finder-backend\src\main\java\com\sbomfinder\dto\VulnerabilityDTO.java,com.sbomfinder.dto.VulnerabilityDTO,getSeverityLevel/0,severity,3
D:\UMBC\701\sbom-finder\sbom-finder-backend\src\main\java\com\sbomfinder\dto\VulnerabilityDTO.java,com.sbomfinder.dto.VulnerabilityDTO,setSourceUrl/1[java.lang.String],sourceUrl,3
D:\UMBC\701\sbom-finder\sbom-finder-backend\src\main\java\com\sbomfinder\dto\DeviceDetailsDTO.java,com.sbomfinder.dto.DeviceDetailsDTO,setVulnerabilities/1[java.util.List<com.sbomfinder.dto.VulnerabilityDTO>],vulnerabilities,3
D:\UMBC\701\sbom-finder\sbom-finder-backend\src\main\java\com\sbomfinder\dto\DeviceDetailsDTO.java,com.sbomfinder.dto.DeviceDetailsDTO,getDigitalFootprint/0,digitalFootprint,1
D:\UMBC\701\sbom-finder\sbom-finder-backend\src\main\java\com\sbomfinder\dto\DeviceDetailsDTO.java,com.sbomfinder.dto.DeviceDetailsDTO,getOsVersion/0,osVersion,1
D:\UMBC\701\sbom-finder\sbom-finder-backend\src\main\java\com\sbomfinder\dto\DeviceDetailsDTO.java,com.sbomfinder.dto.DeviceDetailsDTO,getExternalReferences/0,externalReferences,1
D:\UMBC\701\sbom-finder\sbom-finder-backend\src\main\java\com\sbomfinder\dto\DeviceDetailsDTO.java,com.sbomfinder.dto.DeviceDetailsDTO,getDeviceId/0,deviceId,1
D:\UMBC\701\sbom-finder\sbom-finder-backend\src\main\java\com\sbomfinder\dto\DeviceDetailsDTO.java,com.sbomfinder.dto.DeviceDetailsDTO,getName/0,name,1
D:\UMBC\701\sbom-finder\sbom-finder-backend\src\main\java\com\sbomfinder\dto\DeviceDetailsDTO.java,com.sbomfinder.dto.DeviceDetailsDTO,getCategory/0,category,1
D:\UMBC\701\sbom-finder\sbom-finder-backend\src\main\java\com\sbomfinder\dto\DeviceDetailsDTO.java,com.sbomfinder.dto.DeviceDetailsDTO,getOperatingSystem/0,operatingSystem,1
D:\UMBC\701\sbom-finder\sbom-finder-backend\src\main\java\com\sbomfinder\dto\DeviceDetailsDTO.java,com.sbomfinder.dto.DeviceDetailsDTO,getManufacturer/0,manufacturer,1
D:\UMBC\701\sbom-finder\sbom-finder-backend\src\main\java\com\sbomfinder\dto\DeviceDetailsDTO.java,com.sbomfinder.dto.DeviceDetailsDTO,getVulnerabilities/0,vulnerabilities,1
D:\UMBC\701\sbom-finder\sbom-finder-backend\src\main\java\com\sbomfinder\dto\DeviceDetailsDTO.java,com.sbomfinder.dto.DeviceDetailsDTO,"DeviceDetailsDTO/12[java.lang.String,java.lang.String,java.lang.String,java.lang.String,java.lang.String,java.lang.String,java.lang.String,java.lang.Long,java.lang.Long,java.util.List<com.sbomfinder.dto.SoftwarePackageDTO>,java.util.List<com.sbomfinder.dto.ExternalReferenceDTO>,java.util.List<com.sbomfinder.dto.VulnerabilityDTO>]",externalReferences,3
D:\UMBC\701\sbom-finder\sbom-finder-backend\src\main\java\com\sbomfinder\dto\DeviceDetailsDTO.java,com.sbomfinder.dto.DeviceDetailsDTO,"DeviceDetailsDTO/12[java.lang.String,java.lang.String,java.lang.String,java.lang.String,java.lang.String,java.lang.String,java.lang.String,java.lang.Long,java.lang.Long,java.util.List<com.sbomfinder.dto.SoftwarePackageDTO>,java.util.List<com.sbomfinder.dto.ExternalReferenceDTO>,java.util.List<com.sbomfinder.dto.VulnerabilityDTO>]",osVersion,3
D:\UMBC\701\sbom-finder\sbom-finder-backend\src\main\java\com\sbomfinder\dto\DeviceDetailsDTO.java,com.sbomfinder.dto.DeviceDetailsDTO,"DeviceDetailsDTO/12[java.lang.String,java.lang.String,java.lang.String,java.lang.String,java.lang.String,java.lang.String,java.lang.String,java.lang.Long,java.lang.Long,java.util.List<com.sbomfinder.dto.SoftwarePackageDTO>,java.util.List<com.sbomfinder.dto.ExternalReferenceDTO>,java.util.List<com.sbomfinder.dto.VulnerabilityDTO>]",digitalFootprint,3
D:\UMBC\701\sbom-finder\sbom-finder-backend\src\main\java\com\sbomfinder\dto\DeviceDetailsDTO.java,com.sbomfinder.dto.DeviceDetailsDTO,"DeviceDetailsDTO/12[java.lang.String,java.lang.String,java.lang.String,java.lang.String,java.lang.String,java.lang.String,java.lang.String,java.lang.Long,java.lang.Long,java.util.List<com.sbomfinder.dto.SoftwarePackageDTO>,java.util.List<com.sbomfinder.dto.ExternalReferenceDTO>,java.util.List<com.sbomfinder.dto.VulnerabilityDTO>]",softwarePackages,3
D:\UMBC\701\sbom-finder\sbom-finder-backend\src\main\java\com\sbomfinder\dto\DeviceDetailsDTO.java,com.sbomfinder.dto.DeviceDetailsDTO,"DeviceDetailsDTO/12[java.lang.String,java.lang.String,java.lang.String,java.lang.String,java.lang.String,java.lang.String,java.lang.String,java.lang.Long,java.lang.Long,java.util.List<com.sbomfinder.dto.SoftwarePackageDTO>,java.util.List<com.sbomfinder.dto.ExternalReferenceDTO>,java.util.List<com.sbomfinder.dto.VulnerabilityDTO>]",kernelVersion,3
D:\UMBC\701\sbom-finder\sbom-finder-backend\src\main\java\com\sbomfinder\dto\DeviceDetailsDTO.java,com.sbomfinder.dto.DeviceDetailsDTO,"DeviceDetailsDTO/12[java.lang.String,java.lang.String,java.lang.String,java.lang.String,java.lang.String,java.lang.String,java.lang.String,java.lang.Long,java.lang.Long,java.util.List<com.sbomfinder.dto.SoftwarePackageDTO>,java.util.List<com.sbomfinder.dto.ExternalReferenceDTO>,java.util.List<com.sbomfinder.dto.VulnerabilityDTO>]",name,3
D:\UMBC\701\sbom-finder\sbom-finder-backend\src\main\java\com\sbomfinder\dto\DeviceDetailsDTO.java,com.sbomfinder.dto.DeviceDetailsDTO,"DeviceDetailsDTO/12[java.lang.String,java.lang.String,java.lang.String,java.lang.String,java.lang.String,java.lang.String,java.lang.String,java.lang.Long,java.lang.Long,java.util.List<com.sbomfinder.dto.SoftwarePackageDTO>,java.util.List<com.sbomfinder.dto.ExternalReferenceDTO>,java.util.List<com.sbomfinder.dto.VulnerabilityDTO>]",vulnerabilities,3
D:\UMBC\701\sbom-finder\sbom-finder-backend\src\main\java\com\sbomfinder\dto\DeviceDetailsDTO.java,com.sbomfinder.dto.DeviceDetailsDTO,"DeviceDetailsDTO/12[java.lang.String,java.lang.String,java.lang.String,java.lang.String,java.lang.String,java.lang.String,java.lang.String,java.lang.Long,java.lang.Long,java.util.List<com.sbomfinder.dto.SoftwarePackageDTO>,java.util.List<com.sbomfinder.dto.ExternalReferenceDTO>,java.util.List<com.sbomfinder.dto.VulnerabilityDTO>]",category,3
D:\UMBC\701\sbom-finder\sbom-finder-backend\src\main\java\com\sbomfinder\dto\DeviceDetailsDTO.java,com.sbomfinder.dto.DeviceDetailsDTO,"DeviceDetailsDTO/12[java.lang.String,java.lang.String,java.lang.String,java.lang.String,java.lang.String,java.lang.String,java.lang.String,java.lang.Long,java.lang.Long,java.util.List<com.sbomfinder.dto.SoftwarePackageDTO>,java.util.List<com.sbomfinder.dto.ExternalReferenceDTO>,java.util.List<com.sbomfinder.dto.VulnerabilityDTO>]",operatingSystem,3
D:\UMBC\701\sbom-finder\sbom-finder-backend\src\main\java\com\sbomfinder\dto\DeviceDetailsDTO.java,com.sbomfinder.dto.DeviceDetailsDTO,"DeviceDetailsDTO/12[java.lang.String,java.lang.String,java.lang.String,java.lang.String,java.lang.String,java.lang.String,java.lang.String,java.lang.Long,java.lang.Long,java.util.List<com.sbomfinder.dto.SoftwarePackageDTO>,java.util.List<com.sbomfinder.dto.ExternalReferenceDTO>,java.util.List<com.sbomfinder.dto.VulnerabilityDTO>]",deviceId,3
D:\UMBC\701\sbom-finder\sbom-finder-backend\src\main\java\com\sbomfinder\dto\DeviceDetailsDTO.java,com.sbomfinder.dto.DeviceDetailsDTO,"DeviceDetailsDTO/12[java.lang.String,java.lang.String,java.lang.String,java.lang.String,java.lang.String,java.lang.String,java.lang.String,java.lang.Long,java.lang.Long,java.util.List<com.sbomfinder.dto.SoftwarePackageDTO>,java.util.List<com.sbomfinder.dto.ExternalReferenceDTO>,java.util.List<com.sbomfinder.dto.VulnerabilityDTO>]",sbomId,3
D:\UMBC\701\sbom-finder\sbom-finder-backend\src\main\java\com\sbomfinder\dto\DeviceDetailsDTO.java,com.sbomfinder.dto.DeviceDetailsDTO,"DeviceDetailsDTO/12[java.lang.String,java.lang.String,java.lang.String,java.lang.String,java.lang.String,java.lang.String,java.lang.String,java.lang.Long,java.lang.Long,java.util.List<com.sbomfinder.dto.SoftwarePackageDTO>,java.util.List<com.sbomfinder.dto.ExternalReferenceDTO>,java.util.List<com.sbomfinder.dto.VulnerabilityDTO>]",manufacturer,3
D:\UMBC\701\sbom-finder\sbom-finder-backend\src\main\java\com\sbomfinder\dto\DeviceDetailsDTO.java,com.sbomfinder.dto.DeviceDetailsDTO,getSbomId/0,sbomId,1
D:\UMBC\701\sbom-finder\sbom-finder-backend\src\main\java\com\sbomfinder\dto\DeviceDetailsDTO.java,com.sbomfinder.dto.DeviceDetailsDTO,getKernelVersion/0,kernelVersion,1
D:\UMBC\701\sbom-finder\sbom-finder-backend\src\main\java\com\sbomfinder\dto\DeviceDetailsDTO.java,com.sbomfinder.dto.DeviceDetailsDTO,getSoftwarePackages/0,softwarePackages,1
D:\UMBC\701\sbom-finder\sbom-finder-backend\src\main\java\com\sbomfinder\dto\UploadSbomRequest.java,com.sbomfinder.dto.UploadSbomRequest,getManufacturer/0,manufacturer,1
D:\UMBC\701\sbom-finder\sbom-finder-backend\src\main\java\com\sbomfinder\dto\UploadSbomRequest.java,com.sbomfinder.dto.UploadSbomRequest,setCategory/1[java.lang.String],category,3
D:\UMBC\701\sbom-finder\sbom-finder-backend\src\main\java\com\sbomfinder\dto\UploadSbomRequest.java,com.sbomfinder.dto.UploadSbomRequest,getSbomFile/0,sbomFile,1
D:\UMBC\701\sbom-finder\sbom-finder-backend\src\main\java\com\sbomfinder\dto\UploadSbomRequest.java,com.sbomfinder.dto.UploadSbomRequest,setDeviceName/1[java.lang.String],deviceName,3
D:\UMBC\701\sbom-finder\sbom-finder-backend\src\main\java\com\sbomfinder\dto\UploadSbomRequest.java,com.sbomfinder.dto.UploadSbomRequest,setOperatingSystem/1[java.lang.String],operatingSystem,3
D:\UMBC\701\sbom-finder\sbom-finder-backend\src\main\java\com\sbomfinder\dto\UploadSbomRequest.java,com.sbomfinder.dto.UploadSbomRequest,setManufacturer/1[java.lang.String],manufacturer,3
D:\UMBC\701\sbom-finder\sbom-finder-backend\src\main\java\com\sbomfinder\dto\UploadSbomRequest.java,com.sbomfinder.dto.UploadSbomRequest,getOperatingSystem/0,operatingSystem,1
D:\UMBC\701\sbom-finder\sbom-finder-backend\src\main\java\com\sbomfinder\dto\UploadSbomRequest.java,com.sbomfinder.dto.UploadSbomRequest,getCategory/0,category,1
D:\UMBC\701\sbom-finder\sbom-finder-backend\src\main\java\com\sbomfinder\dto\UploadSbomRequest.java,com.sbomfinder.dto.UploadSbomRequest,setSbomFile/1[com.sbomfinder.dto.MultipartFile],sbomFile,3
D:\UMBC\701\sbom-finder\sbom-finder-backend\src\main\java\com\sbomfinder\dto\UploadSbomRequest.java,com.sbomfinder.dto.UploadSbomRequest,getDeviceName/0,deviceName,1
D:\UMBC\701\sbom-finder\sbom-finder-backend\src\main\java\com\sbomfinder\dto\SoftwarePackageDTO.java,com.sbomfinder.dto.SoftwarePackageDTO,getVulnerabilities/0,vulnerabilities,1
D:\UMBC\701\sbom-finder\sbom-finder-backend\src\main\java\com\sbomfinder\dto\SoftwarePackageDTO.java,com.sbomfinder.dto.SoftwarePackageDTO,"SoftwarePackageDTO/5[java.lang.String,java.lang.String,java.lang.String,java.lang.String,java.util.List<com.sbomfinder.dto.VulnerabilityDTO>]",componentType,3
D:\UMBC\701\sbom-finder\sbom-finder-backend\src\main\java\com\sbomfinder\dto\SoftwarePackageDTO.java,com.sbomfinder.dto.SoftwarePackageDTO,"SoftwarePackageDTO/5[java.lang.String,java.lang.String,java.lang.String,java.lang.String,java.util.List<com.sbomfinder.dto.VulnerabilityDTO>]",supplier,3
D:\UMBC\701\sbom-finder\sbom-finder-backend\src\main\java\com\sbomfinder\dto\SoftwarePackageDTO.java,com.sbomfinder.dto.SoftwarePackageDTO,"SoftwarePackageDTO/5[java.lang.String,java.lang.String,java.lang.String,java.lang.String,java.util.List<com.sbomfinder.dto.VulnerabilityDTO>]",name,3
D:\UMBC\701\sbom-finder\sbom-finder-backend\src\main\java\com\sbomfinder\dto\SoftwarePackageDTO.java,com.sbomfinder.dto.SoftwarePackageDTO,"SoftwarePackageDTO/5[java.lang.String,java.lang.String,java.lang.String,java.lang.String,java.util.List<com.sbomfinder.dto.VulnerabilityDTO>]",vulnerabilities,3
D:\UMBC\701\sbom-finder\sbom-finder-backend\src\main\java\com\sbomfinder\dto\SoftwarePackageDTO.java,com.sbomfinder.dto.SoftwarePackageDTO,"SoftwarePackageDTO/5[java.lang.String,java.lang.String,java.lang.String,java.lang.String,java.util.List<com.sbomfinder.dto.VulnerabilityDTO>]",version,3
D:\UMBC\701\sbom-finder\sbom-finder-backend\src\main\java\com\sbomfinder\dto\SoftwarePackageDTO.java,com.sbomfinder.dto.SoftwarePackageDTO,setVulnerabilities/1[java.util.List<com.sbomfinder.dto.VulnerabilityDTO>],vulnerabilities,3
D:\UMBC\701\sbom-finder\sbom-finder-backend\src\main\java\com\sbomfinder\dto\SoftwarePackageDTO.java,com.sbomfinder.dto.SoftwarePackageDTO,getSupplier/0,supplier,1
D:\UMBC\701\sbom-finder\sbom-finder-backend\src\main\java\com\sbomfinder\dto\SoftwarePackageDTO.java,com.sbomfinder.dto.SoftwarePackageDTO,getVersion/0,version,1
D:\UMBC\701\sbom-finder\sbom-finder-backend\src\main\java\com\sbomfinder\dto\SoftwarePackageDTO.java,com.sbomfinder.dto.SoftwarePackageDTO,getComponentType/0,componentType,1
D:\UMBC\701\sbom-finder\sbom-finder-backend\src\main\java\com\sbomfinder\dto\SoftwarePackageDTO.java,com.sbomfinder.dto.SoftwarePackageDTO,getName/0,name,1
D:\UMBC\701\sbom-finder\sbom-finder-backend\src\main\java\com\sbomfinder\dto\NormalizedSbomDataDTO.java,com.sbomfinder.dto.NormalizedSbomDataDTO,setOperatingSystem/1[java.lang.String],operatingSystem,3
D:\UMBC\701\sbom-finder\sbom-finder-backend\src\main\java\com\sbomfinder\dto\NormalizedSbomDataDTO.java,com.sbomfinder.dto.NormalizedSbomDataDTO,getDataLicense/0,dataLicense,1
D:\UMBC\701\sbom-finder\sbom-finder-backend\src\main\java\com\sbomfinder\dto\NormalizedSbomDataDTO.java,com.sbomfinder.dto.NormalizedSbomDataDTO,getPackages/0,packages,1
D:\UMBC\701\sbom-finder\sbom-finder-backend\src\main\java\com\sbomfinder\dto\NormalizedSbomDataDTO.java,com.sbomfinder.dto.NormalizedSbomDataDTO,setDataLicense/1[java.lang.String],dataLicense,3
D:\UMBC\701\sbom-finder\sbom-finder-backend\src\main\java\com\sbomfinder\dto\NormalizedSbomDataDTO.java,com.sbomfinder.dto.NormalizedSbomDataDTO,setFormat/1[java.lang.String],format,3
D:\UMBC\701\sbom-finder\sbom-finder-backend\src\main\java\com\sbomfinder\dto\NormalizedSbomDataDTO.java,com.sbomfinder.dto.NormalizedSbomDataDTO,getVendor/0,vendor,1
D:\UMBC\701\sbom-finder\sbom-finder-backend\src\main\java\com\sbomfinder\dto\NormalizedSbomDataDTO.java,com.sbomfinder.dto.NormalizedSbomDataDTO,getToolName/0,toolName,1
D:\UMBC\701\sbom-finder\sbom-finder-backend\src\main\java\com\sbomfinder\dto\NormalizedSbomDataDTO.java,com.sbomfinder.dto.NormalizedSbomDataDTO,setDigitalFootprint/1[java.lang.String],digitalFootprint,3
D:\UMBC\701\sbom-finder\sbom-finder-backend\src\main\java\com\sbomfinder\dto\NormalizedSbomDataDTO.java,com.sbomfinder.dto.NormalizedSbomDataDTO,setCategory/1[java.lang.String],category,3
D:\UMBC\701\sbom-finder\sbom-finder-backend\src\main\java\com\sbomfinder\dto\NormalizedSbomDataDTO.java,com.sbomfinder.dto.NormalizedSbomDataDTO,setDeviceName/1[java.lang.String],deviceName,3
D:\UMBC\701\sbom-finder\sbom-finder-backend\src\main\java\com\sbomfinder\dto\NormalizedSbomDataDTO.java,com.sbomfinder.dto.NormalizedSbomDataDTO,getExternalReferences/0,externalReferences,1
D:\UMBC\701\sbom-finder\sbom-finder-backend\src\main\java\com\sbomfinder\dto\NormalizedSbomDataDTO.java,com.sbomfinder.dto.NormalizedSbomDataDTO,getKernelVersion/0,kernelVersion,1
D:\UMBC\701\sbom-finder\sbom-finder-backend\src\main\java\com\sbomfinder\dto\NormalizedSbomDataDTO.java,com.sbomfinder.dto.NormalizedSbomDataDTO,setSpecVersion/1[java.lang.String],specVersion,3
D:\UMBC\701\sbom-finder\sbom-finder-backend\src\main\java\com\sbomfinder\dto\NormalizedSbomDataDTO.java,com.sbomfinder.dto.NormalizedSbomDataDTO,setOsVersion/1[java.lang.String],osVersion,3
D:\UMBC\701\sbom-finder\sbom-finder-backend\src\main\java\com\sbomfinder\dto\NormalizedSbomDataDTO.java,com.sbomfinder.dto.NormalizedSbomDataDTO,setVendor/1[java.lang.String],vendor,3
D:\UMBC\701\sbom-finder\sbom-finder-backend\src\main\java\com\sbomfinder\dto\NormalizedSbomDataDTO.java,com.sbomfinder.dto.NormalizedSbomDataDTO,setDocumentNamespace/1[java.lang.String],documentNamespace,3
D:\UMBC\701\sbom-finder\sbom-finder-backend\src\main\java\com\sbomfinder\dto\NormalizedSbomDataDTO.java,com.sbomfinder.dto.NormalizedSbomDataDTO,getManufacturer/0,manufacturer,1
D:\UMBC\701\sbom-finder\sbom-finder-backend\src\main\java\com\sbomfinder\dto\NormalizedSbomDataDTO.java,com.sbomfinder.dto.NormalizedSbomDataDTO,setCreatedTime/1[java.time.LocalDateTime],createdTime,3
D:\UMBC\701\sbom-finder\sbom-finder-backend\src\main\java\com\sbomfinder\dto\NormalizedSbomDataDTO.java,com.sbomfinder.dto.NormalizedSbomDataDTO,getOsVersion/0,osVersion,1
D:\UMBC\701\sbom-finder\sbom-finder-backend\src\main\java\com\sbomfinder\dto\NormalizedSbomDataDTO.java,com.sbomfinder.dto.NormalizedSbomDataDTO,getOperatingSystem/0,operatingSystem,1
D:\UMBC\701\sbom-finder\sbom-finder-backend\src\main\java\com\sbomfinder\dto\NormalizedSbomDataDTO.java,com.sbomfinder.dto.NormalizedSbomDataDTO,getCategory/0,category,1
D:\UMBC\701\sbom-finder\sbom-finder-backend\src\main\java\com\sbomfinder\dto\NormalizedSbomDataDTO.java,com.sbomfinder.dto.NormalizedSbomDataDTO,setExternalReferences/1[java.util.List<com.sbomfinder.dto.JsonNode>],externalReferences,3
D:\UMBC\701\sbom-finder\sbom-finder-backend\src\main\java\com\sbomfinder\dto\NormalizedSbomDataDTO.java,com.sbomfinder.dto.NormalizedSbomDataDTO,getDeviceName/0,deviceName,1
D:\UMBC\701\sbom-finder\sbom-finder-backend\src\main\java\com\sbomfinder\dto\NormalizedSbomDataDTO.java,com.sbomfinder.dto.NormalizedSbomDataDTO,getFormat/0,format,1
D:\UMBC\701\sbom-finder\sbom-finder-backend\src\main\java\com\sbomfinder\dto\NormalizedSbomDataDTO.java,com.sbomfinder.dto.NormalizedSbomDataDTO,getSpecVersion/0,specVersion,1
D:\UMBC\701\sbom-finder\sbom-finder-backend\src\main\java\com\sbomfinder\dto\NormalizedSbomDataDTO.java,com.sbomfinder.dto.NormalizedSbomDataDTO,setPackages/1[java.util.List<com.sbomfinder.dto.JsonNode>],packages,3
D:\UMBC\701\sbom-finder\sbom-finder-backend\src\main\java\com\sbomfinder\dto\NormalizedSbomDataDTO.java,com.sbomfinder.dto.NormalizedSbomDataDTO,getCreatedTime/0,createdTime,1
D:\UMBC\701\sbom-finder\sbom-finder-backend\src\main\java\com\sbomfinder\dto\NormalizedSbomDataDTO.java,com.sbomfinder.dto.NormalizedSbomDataDTO,getDigitalFootprint/0,digitalFootprint,1
D:\UMBC\701\sbom-finder\sbom-finder-backend\src\main\java\com\sbomfinder\dto\NormalizedSbomDataDTO.java,com.sbomfinder.dto.NormalizedSbomDataDTO,setKernelVersion/1[java.lang.String],kernelVersion,3
D:\UMBC\701\sbom-finder\sbom-finder-backend\src\main\java\com\sbomfinder\dto\NormalizedSbomDataDTO.java,com.sbomfinder.dto.NormalizedSbomDataDTO,setManufacturer/1[java.lang.String],manufacturer,3
D:\UMBC\701\sbom-finder\sbom-finder-backend\src\main\java\com\sbomfinder\dto\NormalizedSbomDataDTO.java,com.sbomfinder.dto.NormalizedSbomDataDTO,setToolName/1[java.lang.String],toolName,3
D:\UMBC\701\sbom-finder\sbom-finder-backend\src\main\java\com\sbomfinder\dto\NormalizedSbomDataDTO.java,com.sbomfinder.dto.NormalizedSbomDataDTO,getDocumentNamespace/0,documentNamespace,1
D:\UMBC\701\sbom-finder\sbom-finder-backend\src\main\java\com\sbomfinder\service\DeviceService.java,com.sbomfinder.service.DeviceService,getVulnerabilitiesForDevice/1[com.sbomfinder.model.Device],softwarePackageRepository,1
D:\UMBC\701\sbom-finder\sbom-finder-backend\src\main\java\com\sbomfinder\dto\DeviceComparisonDTO.java,com.sbomfinder.dto.DeviceComparisonDTO,getDevice2/0,device2,1
D:\UMBC\701\sbom-finder\sbom-finder-backend\src\main\java\com\sbomfinder\dto\DeviceComparisonDTO.java,com.sbomfinder.dto.DeviceComparisonDTO,getDevice1/0,device1,1
D:\UMBC\701\sbom-finder\sbom-finder-backend\src\main\java\com\sbomfinder\dto\DeviceComparisonDTO.java,com.sbomfinder.dto.DeviceComparisonDTO,"DeviceComparisonDTO/2[com.sbomfinder.dto.DeviceDetailsDTO,com.sbomfinder.dto.DeviceDetailsDTO]",device1,3
D:\UMBC\701\sbom-finder\sbom-finder-backend\src\main\java\com\sbomfinder\dto\DeviceComparisonDTO.java,com.sbomfinder.dto.DeviceComparisonDTO,"DeviceComparisonDTO/2[com.sbomfinder.dto.DeviceDetailsDTO,com.sbomfinder.dto.DeviceDetailsDTO]",device2,3
D:\UMBC\701\sbom-finder\sbom-finder-backend\src\main\java\com\sbomfinder\service\SbomService.java,com.sbomfinder.service.SbomService,"processSpdxPackages/3[java.util.List<com.sbomfinder.service.JsonNode>,com.sbomfinder.model.Sbom,com.sbomfinder.model.Device]",softwarePackageRepository,1
D:\UMBC\701\sbom-finder\sbom-finder-backend\src\main\java\com\sbomfinder\service\SbomService.java,com.sbomfinder.service.SbomService,checkAndSaveVulnerabilities/1[com.sbomfinder.model.SoftwarePackage],softwarePackageRepository,2
D:\UMBC\701\sbom-finder\sbom-finder-backend\src\main\java\com\sbomfinder\service\SbomService.java,com.sbomfinder.service.SbomService,checkAndSaveVulnerabilities/1[com.sbomfinder.model.SoftwarePackage],vulnerabilityRepository,2
D:\UMBC\701\sbom-finder\sbom-finder-backend\src\main\java\com\sbomfinder\service\SbomService.java,com.sbomfinder.service.SbomService,"processCycloneDXPackages/3[java.util.List<com.sbomfinder.service.JsonNode>,com.sbomfinder.model.Sbom,com.sbomfinder.model.Device]",softwarePackageRepository,2
D:\UMBC\701\sbom-finder\sbom-finder-backend\src\main\java\com\sbomfinder\dto\SoftwareUpdateDTO.java,com.sbomfinder.dto.SoftwareUpdateDTO,"SoftwareUpdateDTO/4[java.lang.String,java.lang.String,java.lang.String,java.lang.String]",softwareName,3
D:\UMBC\701\sbom-finder\sbom-finder-backend\src\main\java\com\sbomfinder\dto\SoftwareUpdateDTO.java,com.sbomfinder.dto.SoftwareUpdateDTO,"SoftwareUpdateDTO/4[java.lang.String,java.lang.String,java.lang.String,java.lang.String]",oldVersion,3
D:\UMBC\701\sbom-finder\sbom-finder-backend\src\main\java\com\sbomfinder\dto\SoftwareUpdateDTO.java,com.sbomfinder.dto.SoftwareUpdateDTO,"SoftwareUpdateDTO/4[java.lang.String,java.lang.String,java.lang.String,java.lang.String]",status,3
D:\UMBC\701\sbom-finder\sbom-finder-backend\src\main\java\com\sbomfinder\dto\SoftwareUpdateDTO.java,com.sbomfinder.dto.SoftwareUpdateDTO,"SoftwareUpdateDTO/4[java.lang.String,java.lang.String,java.lang.String,java.lang.String]",newVersion,3
D:\UMBC\701\sbom-finder\sbom-finder-backend\src\main\java\com\sbomfinder\dto\SoftwareUpdateDTO.java,com.sbomfinder.dto.SoftwareUpdateDTO,getSoftwareName/0,softwareName,1
D:\UMBC\701\sbom-finder\sbom-finder-backend\src\main\java\com\sbomfinder\dto\SoftwareUpdateDTO.java,com.sbomfinder.dto.SoftwareUpdateDTO,getNewVersion/0,newVersion,1
D:\UMBC\701\sbom-finder\sbom-finder-backend\src\main\java\com\sbomfinder\dto\SoftwareUpdateDTO.java,com.sbomfinder.dto.SoftwareUpdateDTO,getOldVersion/0,oldVersion,1
D:\UMBC\701\sbom-finder\sbom-finder-backend\src\main\java\com\sbomfinder\dto\SoftwareUpdateDTO.java,com.sbomfinder.dto.SoftwareUpdateDTO,getStatus/0,status,1
D:\UMBC\701\sbom-finder\sbom-finder-backend\src\main\java\com\sbomfinder\model\SoftwarePackage.java,com.sbomfinder.model.SoftwarePackage,getLicenseConcluded/0,licenseConcluded,1
D:\UMBC\701\sbom-finder\sbom-finder-backend\src\main\java\com\sbomfinder\model\SoftwarePackage.java,com.sbomfinder.model.SoftwarePackage,getSbom/0,sbom,1
D:\UMBC\701\sbom-finder\sbom-finder-backend\src\main\java\com\sbomfinder\model\SoftwarePackage.java,com.sbomfinder.model.SoftwarePackage,setLicenseDeclared/1[java.lang.String],licenseDeclared,3
D:\UMBC\701\sbom-finder\sbom-finder-backend\src\main\java\com\sbomfinder\model\SoftwarePackage.java,com.sbomfinder.model.SoftwarePackage,setCopyrightText/1[java.lang.String],copyrightText,3
D:\UMBC\701\sbom-finder\sbom-finder-backend\src\main\java\com\sbomfinder\model\SoftwarePackage.java,com.sbomfinder.model.SoftwarePackage,setVulnerabilities/1[java.util.Set<com.sbomfinder.model.Vulnerability>],vulnerabilities,3
D:\UMBC\701\sbom-finder\sbom-finder-backend\src\main\java\com\sbomfinder\model\SoftwarePackage.java,com.sbomfinder.model.SoftwarePackage,setLicenseConcluded/1[java.lang.String],licenseConcluded,3
D:\UMBC\701\sbom-finder\sbom-finder-backend\src\main\java\com\sbomfinder\model\SoftwarePackage.java,com.sbomfinder.model.SoftwarePackage,getDownloadLocation/0,downloadLocation,1
D:\UMBC\701\sbom-finder\sbom-finder-backend\src\main\java\com\sbomfinder\model\SoftwarePackage.java,com.sbomfinder.model.SoftwarePackage,getName/0,name,1
D:\UMBC\701\sbom-finder\sbom-finder-backend\src\main\java\com\sbomfinder\model\SoftwarePackage.java,com.sbomfinder.model.SoftwarePackage,getVulnerabilities/0,vulnerabilities,1
D:\UMBC\701\sbom-finder\sbom-finder-backend\src\main\java\com\sbomfinder\model\SoftwarePackage.java,com.sbomfinder.model.SoftwarePackage,"SoftwarePackage/9[com.sbomfinder.model.Sbom,java.lang.String,java.lang.String,java.lang.String,java.lang.String,java.lang.String,java.lang.String,java.lang.String,java.lang.String]",componentType,3
D:\UMBC\701\sbom-finder\sbom-finder-backend\src\main\java\com\sbomfinder\model\SoftwarePackage.java,com.sbomfinder.model.SoftwarePackage,"SoftwarePackage/9[com.sbomfinder.model.Sbom,java.lang.String,java.lang.String,java.lang.String,java.lang.String,java.lang.String,java.lang.String,java.lang.String,java.lang.String]",licenseConcluded,3
D:\UMBC\701\sbom-finder\sbom-finder-backend\src\main\java\com\sbomfinder\model\SoftwarePackage.java,com.sbomfinder.model.SoftwarePackage,"SoftwarePackage/9[com.sbomfinder.model.Sbom,java.lang.String,java.lang.String,java.lang.String,java.lang.String,java.lang.String,java.lang.String,java.lang.String,java.lang.String]",supplier,3
D:\UMBC\701\sbom-finder\sbom-finder-backend\src\main\java\com\sbomfinder\model\SoftwarePackage.java,com.sbomfinder.model.SoftwarePackage,"SoftwarePackage/9[com.sbomfinder.model.Sbom,java.lang.String,java.lang.String,java.lang.String,java.lang.String,java.lang.String,java.lang.String,java.lang.String,java.lang.String]",sbom,3
D:\UMBC\701\sbom-finder\sbom-finder-backend\src\main\java\com\sbomfinder\model\SoftwarePackage.java,com.sbomfinder.model.SoftwarePackage,"SoftwarePackage/9[com.sbomfinder.model.Sbom,java.lang.String,java.lang.String,java.lang.String,java.lang.String,java.lang.String,java.lang.String,java.lang.String,java.lang.String]",name,3
D:\UMBC\701\sbom-finder\sbom-finder-backend\src\main\java\com\sbomfinder\model\SoftwarePackage.java,com.sbomfinder.model.SoftwarePackage,"SoftwarePackage/9[com.sbomfinder.model.Sbom,java.lang.String,java.lang.String,java.lang.String,java.lang.String,java.lang.String,java.lang.String,java.lang.String,java.lang.String]",downloadLocation,3
D:\UMBC\701\sbom-finder\sbom-finder-backend\src\main\java\com\sbomfinder\model\SoftwarePackage.java,com.sbomfinder.model.SoftwarePackage,"SoftwarePackage/9[com.sbomfinder.model.Sbom,java.lang.String,java.lang.String,java.lang.String,java.lang.String,java.lang.String,java.lang.String,java.lang.String,java.lang.String]",licenseDeclared,3
D:\UMBC\701\sbom-finder\sbom-finder-backend\src\main\java\com\sbomfinder\model\SoftwarePackage.java,com.sbomfinder.model.SoftwarePackage,"SoftwarePackage/9[com.sbomfinder.model.Sbom,java.lang.String,java.lang.String,java.lang.String,java.lang.String,java.lang.String,java.lang.String,java.lang.String,java.lang.String]",copyrightText,3
D:\UMBC\701\sbom-finder\sbom-finder-backend\src\main\java\com\sbomfinder\model\SoftwarePackage.java,com.sbomfinder.model.SoftwarePackage,"SoftwarePackage/9[com.sbomfinder.model.Sbom,java.lang.String,java.lang.String,java.lang.String,java.lang.String,java.lang.String,java.lang.String,java.lang.String,java.lang.String]",version,3
D:\UMBC\701\sbom-finder\sbom-finder-backend\src\main\java\com\sbomfinder\model\SoftwarePackage.java,com.sbomfinder.model.SoftwarePackage,getComponentType/0,componentType,1
D:\UMBC\701\sbom-finder\sbom-finder-backend\src\main\java\com\sbomfinder\model\SoftwarePackage.java,com.sbomfinder.model.SoftwarePackage,setComponentType/1[java.lang.String],componentType,3
D:\UMBC\701\sbom-finder\sbom-finder-backend\src\main\java\com\sbomfinder\model\SoftwarePackage.java,com.sbomfinder.model.SoftwarePackage,getCopyrightText/0,copyrightText,1
D:\UMBC\701\sbom-finder\sbom-finder-backend\src\main\java\com\sbomfinder\model\SoftwarePackage.java,com.sbomfinder.model.SoftwarePackage,getLicenseDeclared/0,licenseDeclared,1
D:\UMBC\701\sbom-finder\sbom-finder-backend\src\main\java\com\sbomfinder\model\SoftwarePackage.java,com.sbomfinder.model.SoftwarePackage,setDevice/1[com.sbomfinder.model.Device],device,3
D:\UMBC\701\sbom-finder\sbom-finder-backend\src\main\java\com\sbomfinder\model\SoftwarePackage.java,com.sbomfinder.model.SoftwarePackage,setVersion/1[java.lang.String],version,3
D:\UMBC\701\sbom-finder\sbom-finder-backend\src\main\java\com\sbomfinder\model\SoftwarePackage.java,com.sbomfinder.model.SoftwarePackage,setVulnerabilities/1[java.util.List<com.sbomfinder.model.Vulnerability>],vulnerabilities,3
D:\UMBC\701\sbom-finder\sbom-finder-backend\src\main\java\com\sbomfinder\model\SoftwarePackage.java,com.sbomfinder.model.SoftwarePackage,getPurl/0,purl,1
D:\UMBC\701\sbom-finder\sbom-finder-backend\src\main\java\com\sbomfinder\model\SoftwarePackage.java,com.sbomfinder.model.SoftwarePackage,setName/1[java.lang.String],name,3
D:\UMBC\701\sbom-finder\sbom-finder-backend\src\main\java\com\sbomfinder\model\SoftwarePackage.java,com.sbomfinder.model.SoftwarePackage,getId/0,id,1
D:\UMBC\701\sbom-finder\sbom-finder-backend\src\main\java\com\sbomfinder\model\SoftwarePackage.java,com.sbomfinder.model.SoftwarePackage,setSbom/1[com.sbomfinder.model.Sbom],sbom,3
D:\UMBC\701\sbom-finder\sbom-finder-backend\src\main\java\com\sbomfinder\model\SoftwarePackage.java,com.sbomfinder.model.SoftwarePackage,setSupplier/1[java.lang.String],supplier,3
D:\UMBC\701\sbom-finder\sbom-finder-backend\src\main\java\com\sbomfinder\model\SoftwarePackage.java,com.sbomfinder.model.SoftwarePackage,setId/1[java.lang.Long],id,3
D:\UMBC\701\sbom-finder\sbom-finder-backend\src\main\java\com\sbomfinder\model\SoftwarePackage.java,com.sbomfinder.model.SoftwarePackage,setPurl/1[java.lang.String],purl,3
D:\UMBC\701\sbom-finder\sbom-finder-backend\src\main\java\com\sbomfinder\model\SoftwarePackage.java,com.sbomfinder.model.SoftwarePackage,getSupplier/0,supplier,1
D:\UMBC\701\sbom-finder\sbom-finder-backend\src\main\java\com\sbomfinder\model\SoftwarePackage.java,com.sbomfinder.model.SoftwarePackage,getVersion/0,version,1
D:\UMBC\701\sbom-finder\sbom-finder-backend\src\main\java\com\sbomfinder\model\SoftwarePackage.java,com.sbomfinder.model.SoftwarePackage,getDevice/0,device,1
D:\UMBC\701\sbom-finder\sbom-finder-backend\src\main\java\com\sbomfinder\model\SoftwarePackage.java,com.sbomfinder.model.SoftwarePackage,setDownloadLocation/1[java.lang.String],downloadLocation,3
D:\UMBC\701\sbom-finder\sbom-finder-backend\src\main\java\com\sbomfinder\controller\DeviceController.java,com.sbomfinder.controller.DeviceController,DeviceController/1[com.sbomfinder.repository.DeviceRepository],deviceRepository,3
D:\UMBC\701\sbom-finder\sbom-finder-backend\src\main\java\com\sbomfinder\controller\DeviceController.java,com.sbomfinder.controller.DeviceController,listAllDevices/0,deviceRepository,1
D:\UMBC\701\sbom-finder\sbom-finder-backend\src\main\java\com\sbomfinder\controller\DeviceController.java,com.sbomfinder.controller.DeviceController,getAllDevices/0,externalReferenceRepository,1
D:\UMBC\701\sbom-finder\sbom-finder-backend\src\main\java\com\sbomfinder\controller\DeviceController.java,com.sbomfinder.controller.DeviceController,getAllDevices/0,softwarePackageRepository,1
D:\UMBC\701\sbom-finder\sbom-finder-backend\src\main\java\com\sbomfinder\controller\DeviceController.java,com.sbomfinder.controller.DeviceController,getAllDevices/0,deviceService,1
D:\UMBC\701\sbom-finder\sbom-finder-backend\src\main\java\com\sbomfinder\controller\DeviceController.java,com.sbomfinder.controller.DeviceController,getAllDevices/0,deviceRepository,1
D:\UMBC\701\sbom-finder\sbom-finder-backend\src\main\java\com\sbomfinder\controller\DeviceController.java,com.sbomfinder.controller.DeviceController,getDeviceDetails/1[java.lang.Long],vulnerabilityService,1
D:\UMBC\701\sbom-finder\sbom-finder-backend\src\main\java\com\sbomfinder\controller\DeviceController.java,com.sbomfinder.controller.DeviceController,getDeviceDetails/1[java.lang.Long],externalReferenceRepository,1
D:\UMBC\701\sbom-finder\sbom-finder-backend\src\main\java\com\sbomfinder\controller\DeviceController.java,com.sbomfinder.controller.DeviceController,getDeviceDetails/1[java.lang.Long],softwarePackageRepository,1
D:\UMBC\701\sbom-finder\sbom-finder-backend\src\main\java\com\sbomfinder\controller\DeviceController.java,com.sbomfinder.controller.DeviceController,getDeviceDetails/1[java.lang.Long],deviceService,1
D:\UMBC\701\sbom-finder\sbom-finder-backend\src\main\java\com\sbomfinder\controller\DeviceController.java,com.sbomfinder.controller.DeviceController,getDeviceDetails/1[java.lang.Long],deviceRepository,1
D:\UMBC\701\sbom-finder\sbom-finder-backend\src\main\java\com\sbomfinder\controller\DeviceController.java,com.sbomfinder.controller.DeviceController,"compareDevices/2[java.lang.Long,java.lang.Long]",vulnerabilityService,2
D:\UMBC\701\sbom-finder\sbom-finder-backend\src\main\java\com\sbomfinder\controller\DeviceController.java,com.sbomfinder.controller.DeviceController,"compareDevices/2[java.lang.Long,java.lang.Long]",softwarePackageRepository,2
D:\UMBC\701\sbom-finder\sbom-finder-backend\src\main\java\com\sbomfinder\controller\DeviceController.java,com.sbomfinder.controller.DeviceController,"compareDevices/2[java.lang.Long,java.lang.Long]",deviceRepository,2
D:\UMBC\701\sbom-finder\sbom-finder-backend\src\main\java\com\sbomfinder\model\Sbom.java,com.sbomfinder.model.Sbom,setDataLicense/1[java.lang.String],dataLicense,3
D:\UMBC\701\sbom-finder\sbom-finder-backend\src\main\java\com\sbomfinder\model\Sbom.java,com.sbomfinder.model.Sbom,getCreatorTool/0,creatorTool,1
D:\UMBC\701\sbom-finder\sbom-finder-backend\src\main\java\com\sbomfinder\model\Sbom.java,com.sbomfinder.model.Sbom,getSoftwarePackages/0,softwarePackages,1
D:\UMBC\701\sbom-finder\sbom-finder-backend\src\main\java\com\sbomfinder\model\Sbom.java,com.sbomfinder.model.Sbom,setCreatorOrganization/1[java.lang.String],creatorOrganization,3
D:\UMBC\701\sbom-finder\sbom-finder-backend\src\main\java\com\sbomfinder\model\Sbom.java,com.sbomfinder.model.Sbom,"Sbom/7[java.lang.String,java.lang.String,java.lang.String,java.lang.String,java.time.LocalDateTime,java.lang.String,java.lang.String]",dataLicense,3
D:\UMBC\701\sbom-finder\sbom-finder-backend\src\main\java\com\sbomfinder\model\Sbom.java,com.sbomfinder.model.Sbom,"Sbom/7[java.lang.String,java.lang.String,java.lang.String,java.lang.String,java.time.LocalDateTime,java.lang.String,java.lang.String]",documentNamespace,3
D:\UMBC\701\sbom-finder\sbom-finder-backend\src\main\java\com\sbomfinder\model\Sbom.java,com.sbomfinder.model.Sbom,"Sbom/7[java.lang.String,java.lang.String,java.lang.String,java.lang.String,java.time.LocalDateTime,java.lang.String,java.lang.String]",spdxVersion,3
D:\UMBC\701\sbom-finder\sbom-finder-backend\src\main\java\com\sbomfinder\model\Sbom.java,com.sbomfinder.model.Sbom,"Sbom/7[java.lang.String,java.lang.String,java.lang.String,java.lang.String,java.time.LocalDateTime,java.lang.String,java.lang.String]",created,3
D:\UMBC\701\sbom-finder\sbom-finder-backend\src\main\java\com\sbomfinder\model\Sbom.java,com.sbomfinder.model.Sbom,"Sbom/7[java.lang.String,java.lang.String,java.lang.String,java.lang.String,java.time.LocalDateTime,java.lang.String,java.lang.String]",creatorTool,3
D:\UMBC\701\sbom-finder\sbom-finder-backend\src\main\java\com\sbomfinder\model\Sbom.java,com.sbomfinder.model.Sbom,"Sbom/7[java.lang.String,java.lang.String,java.lang.String,java.lang.String,java.time.LocalDateTime,java.lang.String,java.lang.String]",name,3
D:\UMBC\701\sbom-finder\sbom-finder-backend\src\main\java\com\sbomfinder\model\Sbom.java,com.sbomfinder.model.Sbom,"Sbom/7[java.lang.String,java.lang.String,java.lang.String,java.lang.String,java.time.LocalDateTime,java.lang.String,java.lang.String]",creatorOrganization,3
D:\UMBC\701\sbom-finder\sbom-finder-backend\src\main\java\com\sbomfinder\model\Sbom.java,com.sbomfinder.model.Sbom,setName/1[java.lang.String],name,3
D:\UMBC\701\sbom-finder\sbom-finder-backend\src\main\java\com\sbomfinder\model\Sbom.java,com.sbomfinder.model.Sbom,getDocumentNamespace/0,documentNamespace,1
D:\UMBC\701\sbom-finder\sbom-finder-backend\src\main\java\com\sbomfinder\model\Sbom.java,com.sbomfinder.model.Sbom,getCreated/0,created,1
D:\UMBC\701\sbom-finder\sbom-finder-backend\src\main\java\com\sbomfinder\model\Sbom.java,com.sbomfinder.model.Sbom,setCreated/1[java.time.LocalDateTime],created,3
D:\UMBC\701\sbom-finder\sbom-finder-backend\src\main\java\com\sbomfinder\model\Sbom.java,com.sbomfinder.model.Sbom,getSpdxVersion/0,spdxVersion,1
D:\UMBC\701\sbom-finder\sbom-finder-backend\src\main\java\com\sbomfinder\model\Sbom.java,com.sbomfinder.model.Sbom,setExternalReferences/1[java.util.List<com.sbomfinder.model.ExternalReference>],externalReferences,3
D:\UMBC\701\sbom-finder\sbom-finder-backend\src\main\java\com\sbomfinder\model\Sbom.java,com.sbomfinder.model.Sbom,getName/0,name,1
D:\UMBC\701\sbom-finder\sbom-finder-backend\src\main\java\com\sbomfinder\model\Sbom.java,com.sbomfinder.model.Sbom,setCreatorTool/1[java.lang.String],creatorTool,3
D:\UMBC\701\sbom-finder\sbom-finder-backend\src\main\java\com\sbomfinder\model\Sbom.java,com.sbomfinder.model.Sbom,setSoftwarePackages/1[java.util.List<com.sbomfinder.model.SoftwarePackage>],softwarePackages,3
D:\UMBC\701\sbom-finder\sbom-finder-backend\src\main\java\com\sbomfinder\model\Sbom.java,com.sbomfinder.model.Sbom,getExternalReferences/0,externalReferences,1
D:\UMBC\701\sbom-finder\sbom-finder-backend\src\main\java\com\sbomfinder\model\Sbom.java,com.sbomfinder.model.Sbom,setDocumentNamespace/1[java.lang.String],documentNamespace,3
D:\UMBC\701\sbom-finder\sbom-finder-backend\src\main\java\com\sbomfinder\model\Sbom.java,com.sbomfinder.model.Sbom,getId/0,id,1
D:\UMBC\701\sbom-finder\sbom-finder-backend\src\main\java\com\sbomfinder\model\Sbom.java,com.sbomfinder.model.Sbom,getDataLicense/0,dataLicense,1
D:\UMBC\701\sbom-finder\sbom-finder-backend\src\main\java\com\sbomfinder\model\Sbom.java,com.sbomfinder.model.Sbom,setId/1[java.lang.Long],id,3
D:\UMBC\701\sbom-finder\sbom-finder-backend\src\main\java\com\sbomfinder\model\Sbom.java,com.sbomfinder.model.Sbom,setSpdxVersion/1[java.lang.String],spdxVersion,3
D:\UMBC\701\sbom-finder\sbom-finder-backend\src\main\java\com\sbomfinder\model\Sbom.java,com.sbomfinder.model.Sbom,getCreatorOrganization/0,creatorOrganization,1
D:\UMBC\701\sbom-finder\sbom-finder-backend\src\main\java\com\sbomfinder\model\Vulnerability.java,com.sbomfinder.model.Vulnerability,getSeverity/0,severity,1
D:\UMBC\701\sbom-finder\sbom-finder-backend\src\main\java\com\sbomfinder\model\Vulnerability.java,com.sbomfinder.model.Vulnerability,getSourceUrl/0,sourceUrl,1
D:\UMBC\701\sbom-finder\sbom-finder-backend\src\main\java\com\sbomfinder\model\Vulnerability.java,com.sbomfinder.model.Vulnerability,getSoftwarePackages/0,softwarePackages,1
D:\UMBC\701\sbom-finder\sbom-finder-backend\src\main\java\com\sbomfinder\model\Vulnerability.java,com.sbomfinder.model.Vulnerability,setSoftwarePackages/1[java.util.Set<com.sbomfinder.model.SoftwarePackage>],softwarePackages,3
D:\UMBC\701\sbom-finder\sbom-finder-backend\src\main\java\com\sbomfinder\model\Vulnerability.java,com.sbomfinder.model.Vulnerability,setSourceUrl/1[java.lang.String],sourceUrl,3
D:\UMBC\701\sbom-finder\sbom-finder-backend\src\main\java\com\sbomfinder\model\Vulnerability.java,com.sbomfinder.model.Vulnerability,getDescription/0,description,1
D:\UMBC\701\sbom-finder\sbom-finder-backend\src\main\java\com\sbomfinder\model\Vulnerability.java,com.sbomfinder.model.Vulnerability,getId/0,id,1
D:\UMBC\701\sbom-finder\sbom-finder-backend\src\main\java\com\sbomfinder\model\Vulnerability.java,com.sbomfinder.model.Vulnerability,setId/1[java.lang.Long],id,3
D:\UMBC\701\sbom-finder\sbom-finder-backend\src\main\java\com\sbomfinder\model\Vulnerability.java,com.sbomfinder.model.Vulnerability,setDescription/1[java.lang.String],description,3
D:\UMBC\701\sbom-finder\sbom-finder-backend\src\main\java\com\sbomfinder\model\Vulnerability.java,com.sbomfinder.model.Vulnerability,setCveId/1[java.lang.String],cveId,3
D:\UMBC\701\sbom-finder\sbom-finder-backend\src\main\java\com\sbomfinder\model\Vulnerability.java,com.sbomfinder.model.Vulnerability,setSeverity/1[java.lang.String],severity,3
D:\UMBC\701\sbom-finder\sbom-finder-backend\src\main\java\com\sbomfinder\model\Vulnerability.java,com.sbomfinder.model.Vulnerability,getCveId/0,cveId,1
D:\UMBC\701\sbom-finder\sbom-finder-backend\src\main\java\com\sbomfinder\dto\ExternalReferenceDTO.java,com.sbomfinder.dto.ExternalReferenceDTO,"ExternalReferenceDTO/3[java.lang.String,java.lang.String,java.lang.String]",referenceLocator,3
D:\UMBC\701\sbom-finder\sbom-finder-backend\src\main\java\com\sbomfinder\dto\ExternalReferenceDTO.java,com.sbomfinder.dto.ExternalReferenceDTO,"ExternalReferenceDTO/3[java.lang.String,java.lang.String,java.lang.String]",referenceType,3
D:\UMBC\701\sbom-finder\sbom-finder-backend\src\main\java\com\sbomfinder\dto\ExternalReferenceDTO.java,com.sbomfinder.dto.ExternalReferenceDTO,"ExternalReferenceDTO/3[java.lang.String,java.lang.String,java.lang.String]",referenceCategory,3
D:\UMBC\701\sbom-finder\sbom-finder-backend\src\main\java\com\sbomfinder\dto\ExternalReferenceDTO.java,com.sbomfinder.dto.ExternalReferenceDTO,getReferenceLocator/0,referenceLocator,1
D:\UMBC\701\sbom-finder\sbom-finder-backend\src\main\java\com\sbomfinder\dto\ExternalReferenceDTO.java,com.sbomfinder.dto.ExternalReferenceDTO,getReferenceCategory/0,referenceCategory,1
D:\UMBC\701\sbom-finder\sbom-finder-backend\src\main\java\com\sbomfinder\dto\ExternalReferenceDTO.java,com.sbomfinder.dto.ExternalReferenceDTO,getReferenceType/0,referenceType,1
D:\UMBC\701\sbom-finder\sbom-finder-backend\src\main\java\com\sbomfinder\model\Device.java,com.sbomfinder.model.Device,setOperatingSystem/1[java.lang.String],operatingSystem,3
D:\UMBC\701\sbom-finder\sbom-finder-backend\src\main\java\com\sbomfinder\model\Device.java,com.sbomfinder.model.Device,setManufacturer/1[java.lang.String],manufacturer,3
D:\UMBC\701\sbom-finder\sbom-finder-backend\src\main\java\com\sbomfinder\model\Device.java,com.sbomfinder.model.Device,setDigitalFootprint/1[java.lang.String],digitalFootprint,3
D:\UMBC\701\sbom-finder\sbom-finder-backend\src\main\java\com\sbomfinder\model\Device.java,com.sbomfinder.model.Device,setSbom/1[com.sbomfinder.model.Sbom],sbom,3
D:\UMBC\701\sbom-finder\sbom-finder-backend\src\main\java\com\sbomfinder\model\Device.java,com.sbomfinder.model.Device,getDeviceName/0,deviceName,1
D:\UMBC\701\sbom-finder\sbom-finder-backend\src\main\java\com\sbomfinder\model\Device.java,com.sbomfinder.model.Device,getKernelVersion/0,kernelVersion,1
D:\UMBC\701\sbom-finder\sbom-finder-backend\src\main\java\com\sbomfinder\model\Device.java,com.sbomfinder.model.Device,setCategory/1[java.lang.String],category,3
D:\UMBC\701\sbom-finder\sbom-finder-backend\src\main\java\com\sbomfinder\model\Device.java,com.sbomfinder.model.Device,setKernelVersion/1[java.lang.String],kernelVersion,3
D:\UMBC\701\sbom-finder\sbom-finder-backend\src\main\java\com\sbomfinder\model\Device.java,com.sbomfinder.model.Device,"Device/8[java.lang.String,java.lang.String,java.lang.String,java.lang.String,java.lang.String,java.lang.String,java.lang.String,com.sbomfinder.model.Sbom]",osVersion,3
D:\UMBC\701\sbom-finder\sbom-finder-backend\src\main\java\com\sbomfinder\model\Device.java,com.sbomfinder.model.Device,"Device/8[java.lang.String,java.lang.String,java.lang.String,java.lang.String,java.lang.String,java.lang.String,java.lang.String,com.sbomfinder.model.Sbom]",digitalFootprint,3
D:\UMBC\701\sbom-finder\sbom-finder-backend\src\main\java\com\sbomfinder\model\Device.java,com.sbomfinder.model.Device,"Device/8[java.lang.String,java.lang.String,java.lang.String,java.lang.String,java.lang.String,java.lang.String,java.lang.String,com.sbomfinder.model.Sbom]",kernelVersion,3
D:\UMBC\701\sbom-finder\sbom-finder-backend\src\main\java\com\sbomfinder\model\Device.java,com.sbomfinder.model.Device,"Device/8[java.lang.String,java.lang.String,java.lang.String,java.lang.String,java.lang.String,java.lang.String,java.lang.String,com.sbomfinder.model.Sbom]",sbom,3
D:\UMBC\701\sbom-finder\sbom-finder-backend\src\main\java\com\sbomfinder\model\Device.java,com.sbomfinder.model.Device,"Device/8[java.lang.String,java.lang.String,java.lang.String,java.lang.String,java.lang.String,java.lang.String,java.lang.String,com.sbomfinder.model.Sbom]",category,3
D:\UMBC\701\sbom-finder\sbom-finder-backend\src\main\java\com\sbomfinder\model\Device.java,com.sbomfinder.model.Device,"Device/8[java.lang.String,java.lang.String,java.lang.String,java.lang.String,java.lang.String,java.lang.String,java.lang.String,com.sbomfinder.model.Sbom]",deviceName,3
D:\UMBC\701\sbom-finder\sbom-finder-backend\src\main\java\com\sbomfinder\model\Device.java,com.sbomfinder.model.Device,"Device/8[java.lang.String,java.lang.String,java.lang.String,java.lang.String,java.lang.String,java.lang.String,java.lang.String,com.sbomfinder.model.Sbom]",operatingSystem,3
D:\UMBC\701\sbom-finder\sbom-finder-backend\src\main\java\com\sbomfinder\model\Device.java,com.sbomfinder.model.Device,"Device/8[java.lang.String,java.lang.String,java.lang.String,java.lang.String,java.lang.String,java.lang.String,java.lang.String,com.sbomfinder.model.Sbom]",manufacturer,3
D:\UMBC\701\sbom-finder\sbom-finder-backend\src\main\java\com\sbomfinder\model\Device.java,com.sbomfinder.model.Device,getDigitalFootprint/0,digitalFootprint,1
D:\UMBC\701\sbom-finder\sbom-finder-backend\src\main\java\com\sbomfinder\model\Device.java,com.sbomfinder.model.Device,getOsVersion/0,osVersion,1
D:\UMBC\701\sbom-finder\sbom-finder-backend\src\main\java\com\sbomfinder\model\Device.java,com.sbomfinder.model.Device,setDeviceName/1[java.lang.String],deviceName,3
D:\UMBC\701\sbom-finder\sbom-finder-backend\src\main\java\com\sbomfinder\model\Device.java,com.sbomfinder.model.Device,getId/0,id,1
D:\UMBC\701\sbom-finder\sbom-finder-backend\src\main\java\com\sbomfinder\model\Device.java,com.sbomfinder.model.Device,setOsVersion/1[java.lang.String],osVersion,3
D:\UMBC\701\sbom-finder\sbom-finder-backend\src\main\java\com\sbomfinder\model\Device.java,com.sbomfinder.model.Device,getSbom/0,sbom,1
D:\UMBC\701\sbom-finder\sbom-finder-backend\src\main\java\com\sbomfinder\model\Device.java,com.sbomfinder.model.Device,getCategory/0,category,1
D:\UMBC\701\sbom-finder\sbom-finder-backend\src\main\java\com\sbomfinder\model\Device.java,com.sbomfinder.model.Device,getOperatingSystem/0,operatingSystem,1
D:\UMBC\701\sbom-finder\sbom-finder-backend\src\main\java\com\sbomfinder\model\Device.java,com.sbomfinder.model.Device,getManufacturer/0,manufacturer,1
D:\UMBC\701\sbom-finder\sbom-finder-backend\src\main\java\com\sbomfinder\model\Device.java,com.sbomfinder.model.Device,setId/1[java.lang.Long],id,3
D:\UMBC\701\sbom-finder\sbom-finder-backend\src\main\java\com\sbomfinder\controller\SbomController.java,com.sbomfinder.controller.SbomController,"uploadSbom/2[com.sbomfinder.controller.MultipartFile,java.lang.String]",externalReferenceRepository,1
D:\UMBC\701\sbom-finder\sbom-finder-backend\src\main\java\com\sbomfinder\controller\SbomController.java,com.sbomfinder.controller.SbomController,"uploadSbom/2[com.sbomfinder.controller.MultipartFile,java.lang.String]",objectMapper,1
D:\UMBC\701\sbom-finder\sbom-finder-backend\src\main\java\com\sbomfinder\controller\SbomController.java,com.sbomfinder.controller.SbomController,"uploadSbom/2[com.sbomfinder.controller.MultipartFile,java.lang.String]",deviceRepository,2
D:\UMBC\701\sbom-finder\sbom-finder-backend\src\main\java\com\sbomfinder\controller\SbomController.java,com.sbomfinder.controller.SbomController,"uploadSbom/2[com.sbomfinder.controller.MultipartFile,java.lang.String]",sbomService,2
D:\UMBC\701\sbom-finder\sbom-finder-backend\src\main\java\com\sbomfinder\controller\SbomController.java,com.sbomfinder.controller.SbomController,"uploadSbom/2[com.sbomfinder.controller.MultipartFile,java.lang.String]",sbomRepository,1
