file,class,method,constructor,line,cbo,cboModified,fanin,fanout,wmc,rfc,loc,returnsQty,variablesQty,parametersQty,methodsInvokedQty,methodsInvokedLocalQty,methodsInvokedIndirectLocalQty,loopQty,comparisonsQty,tryCatchQty,parenthesizedExpsQty,stringLiteralsQty,numbersQty,assignmentsQty,mathOperationsQty,maxNestedBlocksQty,anonymousClassesQty,innerClassesQty,lambdasQty,uniqueWordsQty,modifiers,logStatementsQty,hasJavaDoc
D:\UMBC\701\sbom-finder\sbom-finder-backend\src\main\java\com\sbomfinder\model\ExternalReference.java,com.sbomfinder.model.ExternalReference,getSbom/0,false,38,1,0,0,0,1,0,3,1,0,0,0,0,0,0,0,0,0,0,0,0,0,0,0,0,0,3,1,0,false
D:\UMBC\701\sbom-finder\sbom-finder-backend\src\main\java\com\sbomfinder\model\ExternalReference.java,com.sbomfinder.model.ExternalReference,setReferenceType/1[java.lang.String],false,46,0,0,0,0,1,0,3,0,0,1,0,0,0,0,0,0,0,0,0,1,0,0,0,0,0,4,1,0,false
D:\UMBC\701\sbom-finder\sbom-finder-backend\src\main\java\com\sbomfinder\model\ExternalReference.java,com.sbomfinder.model.ExternalReference,getReferenceCategory/0,false,39,0,3,3,0,1,0,3,1,0,0,0,0,0,0,0,0,0,0,0,0,0,0,0,0,0,4,1,0,false
D:\UMBC\701\sbom-finder\sbom-finder-backend\src\main\java\com\sbomfinder\model\ExternalReference.java,com.sbomfinder.model.ExternalReference,ExternalReference/0,true,27,0,0,0,0,1,0,2,0,0,0,0,0,0,0,0,0,0,0,0,0,0,0,0,0,0,2,1,0,false
D:\UMBC\701\sbom-finder\sbom-finder-backend\src\main\java\com\sbomfinder\model\ExternalReference.java,com.sbomfinder.model.ExternalReference,"ExternalReference/4[com.sbomfinder.model.Sbom,java.lang.String,java.lang.String,java.lang.String]",true,29,1,1,1,0,1,0,6,0,0,4,0,0,0,0,0,0,0,0,0,4,0,0,0,0,0,8,1,0,false
D:\UMBC\701\sbom-finder\sbom-finder-backend\src\main\java\com\sbomfinder\model\ExternalReference.java,com.sbomfinder.model.ExternalReference,getReferenceType/0,false,40,0,3,3,0,1,0,3,1,0,0,0,0,0,0,0,0,0,0,0,0,0,0,0,0,0,4,1,0,false
D:\UMBC\701\sbom-finder\sbom-finder-backend\src\main\java\com\sbomfinder\model\ExternalReference.java,com.sbomfinder.model.ExternalReference,setId/1[java.lang.Long],false,43,0,0,0,0,1,0,3,0,0,1,0,0,0,0,0,0,0,0,0,1,0,0,0,0,0,4,1,0,false
D:\UMBC\701\sbom-finder\sbom-finder-backend\src\main\java\com\sbomfinder\model\ExternalReference.java,com.sbomfinder.model.ExternalReference,setReferenceCategory/1[java.lang.String],false,45,0,0,0,0,1,0,3,0,0,1,0,0,0,0,0,0,0,0,0,1,0,0,0,0,0,4,1,0,false
D:\UMBC\701\sbom-finder\sbom-finder-backend\src\main\java\com\sbomfinder\model\ExternalReference.java,com.sbomfinder.model.ExternalReference,setReferenceLocator/1[java.lang.String],false,47,0,0,0,0,1,0,3,0,0,1,0,0,0,0,0,0,0,0,0,1,0,0,0,0,0,4,1,0,false
D:\UMBC\701\sbom-finder\sbom-finder-backend\src\main\java\com\sbomfinder\model\ExternalReference.java,com.sbomfinder.model.ExternalReference,getId/0,false,37,0,0,0,0,1,0,3,1,0,0,0,0,0,0,0,0,0,0,0,0,0,0,0,0,0,4,1,0,false
D:\UMBC\701\sbom-finder\sbom-finder-backend\src\main\java\com\sbomfinder\model\ExternalReference.java,com.sbomfinder.model.ExternalReference,setSbom/1[com.sbomfinder.model.Sbom],false,44,1,0,0,0,1,0,3,0,0,1,0,0,0,0,0,0,0,0,0,1,0,0,0,0,0,3,1,0,false
D:\UMBC\701\sbom-finder\sbom-finder-backend\src\main\java\com\sbomfinder\model\ExternalReference.java,com.sbomfinder.model.ExternalReference,getReferenceLocator/0,false,41,0,3,3,0,1,0,3,1,0,0,0,0,0,0,0,0,0,0,0,0,0,0,0,0,0,4,1,0,false
D:\UMBC\701\sbom-finder\sbom-finder-backend\src\main\java\com\sbomfinder\controller\SbomController.java,com.sbomfinder.controller.SbomController$DeviceDetailsResponse,"DeviceDetailsResponse/4[com.sbomfinder.model.Device,com.sbomfinder.model.Sbom,java.util.List<com.sbomfinder.model.SoftwarePackage>,java.util.List<com.sbomfinder.model.ExternalReference>]",true,131,4,4,0,4,1,4,9,0,0,4,4,0,0,0,0,0,0,0,0,7,0,0,0,0,0,8,1,0,false
D:\UMBC\701\sbom-finder\sbom-finder-backend\src\main\java\com\sbomfinder\dto\CommonSoftwareDTO.java,com.sbomfinder.dto.CommonSoftwareDTO,getComponentType/0,false,25,0,0,0,0,1,0,3,1,0,0,0,0,0,0,0,0,0,0,0,0,0,0,0,0,0,4,1,0,false
D:\UMBC\701\sbom-finder\sbom-finder-backend\src\main\java\com\sbomfinder\dto\CommonSoftwareDTO.java,com.sbomfinder.dto.CommonSoftwareDTO,getVersionDevice1/0,false,21,0,0,0,0,1,0,3,1,0,0,0,0,0,0,0,0,0,0,0,0,0,0,0,0,0,4,1,0,false
D:\UMBC\701\sbom-finder\sbom-finder-backend\src\main\java\com\sbomfinder\dto\CommonSoftwareDTO.java,com.sbomfinder.dto.CommonSoftwareDTO,getVersionDevice2/0,false,22,0,0,0,0,1,0,3,1,0,0,0,0,0,0,0,0,0,0,0,0,0,0,0,0,0,4,1,0,false
D:\UMBC\701\sbom-finder\sbom-finder-backend\src\main\java\com\sbomfinder\dto\CommonSoftwareDTO.java,com.sbomfinder.dto.CommonSoftwareDTO,"CommonSoftwareDTO/6[java.lang.String,java.lang.String,java.lang.String,java.lang.String,java.lang.String,java.lang.String]",true,12,0,0,0,0,1,0,8,0,0,6,0,0,0,0,0,0,0,0,0,6,0,0,0,0,0,12,1,0,false
D:\UMBC\701\sbom-finder\sbom-finder-backend\src\main\java\com\sbomfinder\dto\CommonSoftwareDTO.java,com.sbomfinder.dto.CommonSoftwareDTO,getSupplierDevice1/0,false,23,0,0,0,0,1,0,3,1,0,0,0,0,0,0,0,0,0,0,0,0,0,0,0,0,0,4,1,0,false
D:\UMBC\701\sbom-finder\sbom-finder-backend\src\main\java\com\sbomfinder\dto\CommonSoftwareDTO.java,com.sbomfinder.dto.CommonSoftwareDTO,getSupplierDevice2/0,false,24,0,0,0,0,1,0,3,1,0,0,0,0,0,0,0,0,0,0,0,0,0,0,0,0,0,4,1,0,false
D:\UMBC\701\sbom-finder\sbom-finder-backend\src\main\java\com\sbomfinder\dto\CommonSoftwareDTO.java,com.sbomfinder.dto.CommonSoftwareDTO,getName/0,false,20,0,0,0,0,1,0,3,1,0,0,0,0,0,0,0,0,0,0,0,0,0,0,0,0,0,3,1,0,false
D:\UMBC\701\sbom-finder\sbom-finder-backend\src\main\java\com\sbomfinder\service\VulnerabilityService.java,com.sbomfinder.service.VulnerabilityService,getVulnerabilitiesByPackageId/1[java.lang.Long],false,20,3,14,2,12,2,18,15,3,4,1,18,0,0,0,0,0,0,0,0,3,0,1,0,0,1,17,1,0,false
D:\UMBC\701\sbom-finder\sbom-finder-backend\src\main\java\com\sbomfinder\dto\CompareDevicesRequest.java,com.sbomfinder.dto.CompareDevicesRequest,getDevice_1/0,false,7,0,0,0,0,1,0,3,1,0,0,0,0,0,0,0,0,0,0,0,0,0,0,0,0,0,5,1,0,false
D:\UMBC\701\sbom-finder\sbom-finder-backend\src\main\java\com\sbomfinder\dto\CompareDevicesRequest.java,com.sbomfinder.dto.CompareDevicesRequest,getDevice_2/0,false,8,0,0,0,0,1,0,3,1,0,0,0,0,0,0,0,0,0,0,0,0,0,0,0,0,0,5,1,0,false
D:\UMBC\701\sbom-finder\sbom-finder-backend\src\main\java\com\sbomfinder\dto\CompareDevicesRequest.java,com.sbomfinder.dto.CompareDevicesRequest,setDevice_2/1[java.lang.Long],false,11,0,0,0,0,1,0,3,0,0,1,0,0,0,0,0,0,0,0,0,1,0,0,0,0,0,5,1,0,false
D:\UMBC\701\sbom-finder\sbom-finder-backend\src\main\java\com\sbomfinder\dto\CompareDevicesRequest.java,com.sbomfinder.dto.CompareDevicesRequest,setDevice_1/1[java.lang.Long],false,10,0,0,0,0,1,0,3,0,0,1,0,0,0,0,0,0,0,0,0,1,0,0,0,0,0,5,1,0,false
D:\UMBC\701\sbom-finder\sbom-finder-backend\src\main\java\com\sbomfinder\repository\VulnerabilityRepository.java,com.sbomfinder.repository.VulnerabilityRepository,findByCveId/1[java.lang.String],false,11,1,1,1,0,1,0,1,0,0,1,0,0,0,0,0,0,0,0,0,0,0,0,0,0,0,5,0,0,false
D:\UMBC\701\sbom-finder\sbom-finder-backend\src\main\java\com\sbomfinder\dto\VulnerabilityDTO.java,com.sbomfinder.dto.VulnerabilityDTO,"pr/2[java.util.Map<java.lang.String,java.lang.String>,java.lang.String]",false,98,0,1,1,0,1,0,3,1,0,2,0,0,0,0,0,0,0,0,0,0,0,0,0,0,0,3,2,0,false
D:\UMBC\701\sbom-finder\sbom-finder-backend\src\main\java\com\sbomfinder\dto\VulnerabilityDTO.java,com.sbomfinder.dto.VulnerabilityDTO,setCveId/1[java.lang.String],false,15,0,3,3,0,1,0,3,0,0,1,0,0,0,0,0,0,0,0,0,1,0,0,0,0,0,4,1,0,false
D:\UMBC\701\sbom-finder\sbom-finder-backend\src\main\java\com\sbomfinder\dto\VulnerabilityDTO.java,com.sbomfinder.dto.VulnerabilityDTO,setSeverity/1[java.lang.String],false,21,0,3,3,0,1,0,3,0,0,1,0,0,0,0,0,0,0,0,0,1,0,0,0,0,0,3,1,0,false
D:\UMBC\701\sbom-finder\sbom-finder-backend\src\main\java\com\sbomfinder\dto\VulnerabilityDTO.java,com.sbomfinder.dto.VulnerabilityDTO,"calculateImpact/1[java.util.Map<java.lang.String,java.lang.String>]",false,69,1,4,1,3,2,6,9,2,1,1,6,3,1,0,0,0,5,2,10,1,11,1,0,0,0,7,2,0,false
D:\UMBC\701\sbom-finder\sbom-finder-backend\src\main\java\com\sbomfinder\dto\VulnerabilityDTO.java,com.sbomfinder.dto.VulnerabilityDTO,"av/1[java.util.Map<java.lang.String,java.lang.String>]",false,84,0,1,1,0,1,0,3,1,0,1,0,0,0,0,0,0,0,0,0,0,0,0,0,0,0,3,2,0,false
D:\UMBC\701\sbom-finder\sbom-finder-backend\src\main\java\com\sbomfinder\dto\VulnerabilityDTO.java,com.sbomfinder.dto.VulnerabilityDTO,getDescription/0,false,17,0,0,0,0,1,0,3,1,0,0,0,0,0,0,0,0,0,0,0,0,0,0,0,0,0,3,1,0,false
D:\UMBC\701\sbom-finder\sbom-finder-backend\src\main\java\com\sbomfinder\dto\VulnerabilityDTO.java,com.sbomfinder.dto.VulnerabilityDTO,"ac/1[java.util.Map<java.lang.String,java.lang.String>]",false,94,0,1,1,0,2,2,3,1,0,1,2,0,0,0,0,0,0,2,2,0,0,0,0,0,0,2,2,0,false
D:\UMBC\701\sbom-finder\sbom-finder-backend\src\main\java\com\sbomfinder\dto\VulnerabilityDTO.java,com.sbomfinder.dto.VulnerabilityDTO,"calculateExploitability/1[java.util.Map<java.lang.String,java.lang.String>]",false,78,1,5,1,4,1,5,3,1,0,1,5,4,1,0,0,0,0,1,1,0,1,0,0,0,0,7,2,0,false
D:\UMBC\701\sbom-finder\sbom-finder-backend\src\main\java\com\sbomfinder\dto\VulnerabilityDTO.java,com.sbomfinder.dto.VulnerabilityDTO,getCveId/0,false,14,0,0,0,0,1,0,3,1,0,0,0,0,0,0,0,0,0,0,0,0,0,0,0,0,0,4,1,0,false
D:\UMBC\701\sbom-finder\sbom-finder-backend\src\main\java\com\sbomfinder\dto\VulnerabilityDTO.java,com.sbomfinder.dto.VulnerabilityDTO,setDescription/1[java.lang.String],false,18,0,3,3,0,1,0,3,0,0,1,0,0,0,0,0,0,0,0,0,1,0,0,0,0,0,3,1,0,false
D:\UMBC\701\sbom-finder\sbom-finder-backend\src\main\java\com\sbomfinder\dto\VulnerabilityDTO.java,com.sbomfinder.dto.VulnerabilityDTO,"integ/1[java.util.Map<java.lang.String,java.lang.String>]",false,119,0,1,1,0,1,0,3,1,0,1,0,0,0,0,0,0,0,0,0,0,0,0,0,0,0,3,2,0,false
D:\UMBC\701\sbom-finder\sbom-finder-backend\src\main\java\com\sbomfinder\dto\VulnerabilityDTO.java,com.sbomfinder.dto.VulnerabilityDTO,"conf/1[java.util.Map<java.lang.String,java.lang.String>]",false,111,0,1,1,0,1,0,3,1,0,1,0,0,0,0,0,0,0,0,0,0,0,0,0,0,0,3,2,0,false
D:\UMBC\701\sbom-finder\sbom-finder-backend\src\main\java\com\sbomfinder\dto\VulnerabilityDTO.java,com.sbomfinder.dto.VulnerabilityDTO,setSeverityLevel/1[java.lang.String],false,65,0,3,3,0,1,0,3,0,0,1,0,0,0,0,0,0,0,0,0,1,0,0,0,0,0,4,1,0,false
D:\UMBC\701\sbom-finder\sbom-finder-backend\src\main\java\com\sbomfinder\dto\VulnerabilityDTO.java,com.sbomfinder.dto.VulnerabilityDTO,getSourceUrl/0,false,23,0,0,0,0,1,0,3,1,0,0,0,0,0,0,0,0,0,0,0,0,0,0,0,0,0,4,1,0,false
D:\UMBC\701\sbom-finder\sbom-finder-backend\src\main\java\com\sbomfinder\dto\VulnerabilityDTO.java,com.sbomfinder.dto.VulnerabilityDTO,"ui/1[java.util.Map<java.lang.String,java.lang.String>]",false,107,0,1,1,0,2,2,3,1,0,1,2,0,0,0,0,0,0,2,2,0,0,0,0,0,0,2,2,0,false
D:\UMBC\701\sbom-finder\sbom-finder-backend\src\main\java\com\sbomfinder\dto\VulnerabilityDTO.java,com.sbomfinder.dto.VulnerabilityDTO,getSeverity/0,false,20,0,0,0,0,1,0,3,1,0,0,0,0,0,0,0,0,0,0,0,0,0,0,0,0,0,3,1,0,false
D:\UMBC\701\sbom-finder\sbom-finder-backend\src\main\java\com\sbomfinder\dto\VulnerabilityDTO.java,com.sbomfinder.dto.VulnerabilityDTO,getSeverityLevel/0,false,27,1,5,3,2,13,8,31,9,7,0,8,2,3,1,2,1,1,15,14,9,3,3,0,0,0,18,1,0,false
D:\UMBC\701\sbom-finder\sbom-finder-backend\src\main\java\com\sbomfinder\dto\VulnerabilityDTO.java,com.sbomfinder.dto.VulnerabilityDTO,"avail/1[java.util.Map<java.lang.String,java.lang.String>]",false,127,0,1,1,0,1,0,3,1,0,1,0,0,0,0,0,0,0,0,0,0,0,0,0,0,0,3,2,0,false
D:\UMBC\701\sbom-finder\sbom-finder-backend\src\main\java\com\sbomfinder\dto\VulnerabilityDTO.java,com.sbomfinder.dto.VulnerabilityDTO,setSourceUrl/1[java.lang.String],false,24,0,3,3,0,1,0,3,0,0,1,0,0,0,0,0,0,0,0,0,1,0,0,0,0,0,4,1,0,false
D:\UMBC\701\sbom-finder\sbom-finder-backend\src\main\java\com\sbomfinder\dto\DeviceDetailsDTO.java,com.sbomfinder.dto.DeviceDetailsDTO,setVulnerabilities/1[java.util.List<com.sbomfinder.dto.VulnerabilityDTO>],false,50,1,0,0,0,1,0,3,0,0,1,0,0,0,0,0,0,0,0,0,1,0,0,0,0,0,3,1,0,false
D:\UMBC\701\sbom-finder\sbom-finder-backend\src\main\java\com\sbomfinder\dto\DeviceDetailsDTO.java,com.sbomfinder.dto.DeviceDetailsDTO,getDigitalFootprint/0,false,44,0,0,0,0,1,0,3,1,0,0,0,0,0,0,0,0,0,0,0,0,0,0,0,0,0,4,1,0,false
D:\UMBC\701\sbom-finder\sbom-finder-backend\src\main\java\com\sbomfinder\dto\DeviceDetailsDTO.java,com.sbomfinder.dto.DeviceDetailsDTO,getOsVersion/0,false,42,0,0,0,0,1,0,3,1,0,0,0,0,0,0,0,0,0,0,0,0,0,0,0,0,0,4,1,0,false
D:\UMBC\701\sbom-finder\sbom-finder-backend\src\main\java\com\sbomfinder\dto\DeviceDetailsDTO.java,com.sbomfinder.dto.DeviceDetailsDTO,getExternalReferences/0,false,46,1,0,0,0,1,0,3,1,0,0,0,0,0,0,0,0,0,0,0,0,0,0,0,0,0,4,1,0,false
D:\UMBC\701\sbom-finder\sbom-finder-backend\src\main\java\com\sbomfinder\dto\DeviceDetailsDTO.java,com.sbomfinder.dto.DeviceDetailsDTO,getDeviceId/0,false,48,0,0,0,0,1,0,3,1,0,0,0,0,0,0,0,0,0,0,0,0,0,0,0,0,0,5,1,0,false
D:\UMBC\701\sbom-finder\sbom-finder-backend\src\main\java\com\sbomfinder\dto\DeviceDetailsDTO.java,com.sbomfinder.dto.DeviceDetailsDTO,getName/0,false,38,0,0,0,0,1,0,3,1,0,0,0,0,0,0,0,0,0,0,0,0,0,0,0,0,0,3,1,0,false
D:\UMBC\701\sbom-finder\sbom-finder-backend\src\main\java\com\sbomfinder\dto\DeviceDetailsDTO.java,com.sbomfinder.dto.DeviceDetailsDTO,getCategory/0,false,40,0,0,0,0,1,0,3,1,0,0,0,0,0,0,0,0,0,0,0,0,0,0,0,0,0,3,1,0,false
D:\UMBC\701\sbom-finder\sbom-finder-backend\src\main\java\com\sbomfinder\dto\DeviceDetailsDTO.java,com.sbomfinder.dto.DeviceDetailsDTO,getOperatingSystem/0,false,41,0,0,0,0,1,0,3,1,0,0,0,0,0,0,0,0,0,0,0,0,0,0,0,0,0,4,1,0,false
D:\UMBC\701\sbom-finder\sbom-finder-backend\src\main\java\com\sbomfinder\dto\DeviceDetailsDTO.java,com.sbomfinder.dto.DeviceDetailsDTO,getManufacturer/0,false,39,0,0,0,0,1,0,3,1,0,0,0,0,0,0,0,0,0,0,0,0,0,0,0,0,0,3,1,0,false
D:\UMBC\701\sbom-finder\sbom-finder-backend\src\main\java\com\sbomfinder\dto\DeviceDetailsDTO.java,com.sbomfinder.dto.DeviceDetailsDTO,getVulnerabilities/0,false,49,1,0,0,0,1,0,3,1,0,0,0,0,0,0,0,0,0,0,0,0,0,0,0,0,0,3,1,0,false
D:\UMBC\701\sbom-finder\sbom-finder-backend\src\main\java\com\sbomfinder\dto\DeviceDetailsDTO.java,com.sbomfinder.dto.DeviceDetailsDTO,"DeviceDetailsDTO/12[java.lang.String,java.lang.String,java.lang.String,java.lang.String,java.lang.String,java.lang.String,java.lang.String,java.lang.Long,java.lang.Long,java.util.List<com.sbomfinder.dto.SoftwarePackageDTO>,java.util.List<com.sbomfinder.dto.ExternalReferenceDTO>,java.util.List<com.sbomfinder.dto.VulnerabilityDTO>]",true,22,3,3,3,0,1,0,14,0,0,12,0,0,0,0,0,0,0,0,0,12,0,0,0,0,0,23,1,0,false
D:\UMBC\701\sbom-finder\sbom-finder-backend\src\main\java\com\sbomfinder\dto\DeviceDetailsDTO.java,com.sbomfinder.dto.DeviceDetailsDTO,getSbomId/0,false,47,0,0,0,0,1,0,3,1,0,0,0,0,0,0,0,0,0,0,0,0,0,0,0,0,0,5,1,0,false
D:\UMBC\701\sbom-finder\sbom-finder-backend\src\main\java\com\sbomfinder\dto\DeviceDetailsDTO.java,com.sbomfinder.dto.DeviceDetailsDTO,getKernelVersion/0,false,43,0,0,0,0,1,0,3,1,0,0,0,0,0,0,0,0,0,0,0,0,0,0,0,0,0,4,1,0,false
D:\UMBC\701\sbom-finder\sbom-finder-backend\src\main\java\com\sbomfinder\dto\DeviceDetailsDTO.java,com.sbomfinder.dto.DeviceDetailsDTO,getSoftwarePackages/0,false,45,1,0,0,0,1,0,3,1,0,0,0,0,0,0,0,0,0,0,0,0,0,0,0,0,0,4,1,0,false
D:\UMBC\701\sbom-finder\sbom-finder-backend\src\main\java\com\sbomfinder\dto\UploadSbomRequest.java,com.sbomfinder.dto.UploadSbomRequest,getManufacturer/0,false,19,0,0,0,0,1,0,3,1,0,0,0,0,0,0,0,0,0,0,0,0,0,0,0,0,0,3,1,0,false
D:\UMBC\701\sbom-finder\sbom-finder-backend\src\main\java\com\sbomfinder\dto\UploadSbomRequest.java,com.sbomfinder.dto.UploadSbomRequest,setCategory/1[java.lang.String],false,23,0,0,0,0,1,0,3,0,0,1,0,0,0,0,0,0,0,0,0,1,0,0,0,0,0,3,1,0,false
D:\UMBC\701\sbom-finder\sbom-finder-backend\src\main\java\com\sbomfinder\dto\UploadSbomRequest.java,com.sbomfinder.dto.UploadSbomRequest,getSbomFile/0,false,13,1,0,0,0,1,0,3,1,0,0,0,0,0,0,0,0,0,0,0,0,0,0,0,0,0,5,1,0,false
D:\UMBC\701\sbom-finder\sbom-finder-backend\src\main\java\com\sbomfinder\dto\UploadSbomRequest.java,com.sbomfinder.dto.UploadSbomRequest,setDeviceName/1[java.lang.String],false,17,0,0,0,0,1,0,3,0,0,1,0,0,0,0,0,0,0,0,0,1,0,0,0,0,0,4,1,0,false
D:\UMBC\701\sbom-finder\sbom-finder-backend\src\main\java\com\sbomfinder\dto\UploadSbomRequest.java,com.sbomfinder.dto.UploadSbomRequest,setOperatingSystem/1[java.lang.String],false,26,0,0,0,0,1,0,3,0,0,1,0,0,0,0,0,0,0,0,0,1,0,0,0,0,0,4,1,0,false
D:\UMBC\701\sbom-finder\sbom-finder-backend\src\main\java\com\sbomfinder\dto\UploadSbomRequest.java,com.sbomfinder.dto.UploadSbomRequest,setManufacturer/1[java.lang.String],false,20,0,0,0,0,1,0,3,0,0,1,0,0,0,0,0,0,0,0,0,1,0,0,0,0,0,3,1,0,false
D:\UMBC\701\sbom-finder\sbom-finder-backend\src\main\java\com\sbomfinder\dto\UploadSbomRequest.java,com.sbomfinder.dto.UploadSbomRequest,getOperatingSystem/0,false,25,0,0,0,0,1,0,3,1,0,0,0,0,0,0,0,0,0,0,0,0,0,0,0,0,0,4,1,0,false
D:\UMBC\701\sbom-finder\sbom-finder-backend\src\main\java\com\sbomfinder\dto\UploadSbomRequest.java,com.sbomfinder.dto.UploadSbomRequest,getCategory/0,false,22,0,0,0,0,1,0,3,1,0,0,0,0,0,0,0,0,0,0,0,0,0,0,0,0,0,3,1,0,false
D:\UMBC\701\sbom-finder\sbom-finder-backend\src\main\java\com\sbomfinder\dto\UploadSbomRequest.java,com.sbomfinder.dto.UploadSbomRequest,setSbomFile/1[com.sbomfinder.dto.MultipartFile],false,14,1,0,0,0,1,0,3,0,0,1,0,0,0,0,0,0,0,0,0,1,0,0,0,0,0,5,1,0,false
D:\UMBC\701\sbom-finder\sbom-finder-backend\src\main\java\com\sbomfinder\dto\UploadSbomRequest.java,com.sbomfinder.dto.UploadSbomRequest,getDeviceName/0,false,16,0,0,0,0,1,0,3,1,0,0,0,0,0,0,0,0,0,0,0,0,0,0,0,0,0,4,1,0,false
D:\UMBC\701\sbom-finder\sbom-finder-backend\src\main\java\com\sbomfinder\dto\SoftwarePackageDTO.java,com.sbomfinder.dto.SoftwarePackageDTO,getVulnerabilities/0,false,23,1,0,0,0,1,0,3,1,0,0,0,0,0,0,0,0,0,0,0,0,0,0,0,0,0,3,1,0,false
D:\UMBC\701\sbom-finder\sbom-finder-backend\src\main\java\com\sbomfinder\dto\SoftwarePackageDTO.java,com.sbomfinder.dto.SoftwarePackageDTO,"SoftwarePackageDTO/5[java.lang.String,java.lang.String,java.lang.String,java.lang.String,java.util.List<com.sbomfinder.dto.VulnerabilityDTO>]",true,11,1,3,3,0,1,0,7,0,0,5,0,0,0,0,0,0,0,0,0,5,0,0,0,0,0,11,1,0,false
D:\UMBC\701\sbom-finder\sbom-finder-backend\src\main\java\com\sbomfinder\dto\SoftwarePackageDTO.java,com.sbomfinder.dto.SoftwarePackageDTO,setVulnerabilities/1[java.util.List<com.sbomfinder.dto.VulnerabilityDTO>],false,26,1,0,0,0,1,0,3,0,0,1,0,0,0,0,0,0,0,0,0,1,0,0,0,0,0,3,1,0,false
D:\UMBC\701\sbom-finder\sbom-finder-backend\src\main\java\com\sbomfinder\dto\SoftwarePackageDTO.java,com.sbomfinder.dto.SoftwarePackageDTO,getSupplier/0,false,21,0,0,0,0,1,0,3,1,0,0,0,0,0,0,0,0,0,0,0,0,0,0,0,0,0,3,1,0,false
D:\UMBC\701\sbom-finder\sbom-finder-backend\src\main\java\com\sbomfinder\dto\SoftwarePackageDTO.java,com.sbomfinder.dto.SoftwarePackageDTO,getVersion/0,false,20,0,0,0,0,1,0,3,1,0,0,0,0,0,0,0,0,0,0,0,0,0,0,0,0,0,3,1,0,false
D:\UMBC\701\sbom-finder\sbom-finder-backend\src\main\java\com\sbomfinder\dto\SoftwarePackageDTO.java,com.sbomfinder.dto.SoftwarePackageDTO,getComponentType/0,false,22,0,0,0,0,1,0,3,1,0,0,0,0,0,0,0,0,0,0,0,0,0,0,0,0,0,4,1,0,false
D:\UMBC\701\sbom-finder\sbom-finder-backend\src\main\java\com\sbomfinder\dto\SoftwarePackageDTO.java,com.sbomfinder.dto.SoftwarePackageDTO,getName/0,false,19,0,0,0,0,1,0,3,1,0,0,0,0,0,0,0,0,0,0,0,0,0,0,0,0,0,3,1,0,false
D:\UMBC\701\sbom-finder\sbom-finder-backend\src\main\java\com\sbomfinder\config\SecurityConfig.java,com.sbomfinder.config.SecurityConfig,securityFilterChain/1[com.sbomfinder.config.HttpSecurity],false,12,3,0,0,0,1,8,4,1,1,1,8,0,0,0,0,0,0,0,0,0,0,0,0,0,1,8,1,0,false
D:\UMBC\701\sbom-finder\sbom-finder-backend\src\main\java\com\sbomfinder\SbomFinderApplication.java,com.sbomfinder.SbomFinderApplication,main/1[java.lang.String[]],false,10,1,0,0,0,1,1,3,0,0,1,1,0,0,0,0,0,0,0,0,0,0,0,0,0,0,2,9,0,false
D:\UMBC\701\sbom-finder\sbom-finder-backend\src\main\java\com\sbomfinder\dto\NormalizedSbomDataDTO.java,com.sbomfinder.dto.NormalizedSbomDataDTO,setOperatingSystem/1[java.lang.String],false,135,0,2,2,0,1,0,3,0,0,1,0,0,0,0,0,0,0,0,0,1,0,0,0,0,0,4,1,0,false
D:\UMBC\701\sbom-finder\sbom-finder-backend\src\main\java\com\sbomfinder\dto\NormalizedSbomDataDTO.java,com.sbomfinder.dto.NormalizedSbomDataDTO,getDataLicense/0,false,38,0,1,1,0,1,0,3,1,0,0,0,0,0,0,0,0,0,0,0,0,0,0,0,0,0,4,1,0,false
D:\UMBC\701\sbom-finder\sbom-finder-backend\src\main\java\com\sbomfinder\dto\NormalizedSbomDataDTO.java,com.sbomfinder.dto.NormalizedSbomDataDTO,getPackages/0,false,86,1,1,1,0,1,0,3,1,0,0,0,0,0,0,0,0,0,0,0,0,0,0,0,0,0,3,1,0,false
D:\UMBC\701\sbom-finder\sbom-finder-backend\src\main\java\com\sbomfinder\dto\NormalizedSbomDataDTO.java,com.sbomfinder.dto.NormalizedSbomDataDTO,setDataLicense/1[java.lang.String],false,103,0,2,2,0,1,0,3,0,0,1,0,0,0,0,0,0,0,0,0,1,0,0,0,0,0,4,1,0,false
D:\UMBC\701\sbom-finder\sbom-finder-backend\src\main\java\com\sbomfinder\dto\NormalizedSbomDataDTO.java,com.sbomfinder.dto.NormalizedSbomDataDTO,setFormat/1[java.lang.String],false,95,0,2,2,0,1,0,3,0,0,1,0,0,0,0,0,0,0,0,0,1,0,0,0,0,0,3,1,0,false
D:\UMBC\701\sbom-finder\sbom-finder-backend\src\main\java\com\sbomfinder\dto\NormalizedSbomDataDTO.java,com.sbomfinder.dto.NormalizedSbomDataDTO,getVendor/0,false,50,0,1,1,0,1,0,3,1,0,0,0,0,0,0,0,0,0,0,0,0,0,0,0,0,0,3,1,0,false
D:\UMBC\701\sbom-finder\sbom-finder-backend\src\main\java\com\sbomfinder\dto\NormalizedSbomDataDTO.java,com.sbomfinder.dto.NormalizedSbomDataDTO,getToolName/0,false,54,0,1,1,0,1,0,3,1,0,0,0,0,0,0,0,0,0,0,0,0,0,0,0,0,0,4,1,0,false
D:\UMBC\701\sbom-finder\sbom-finder-backend\src\main\java\com\sbomfinder\dto\NormalizedSbomDataDTO.java,com.sbomfinder.dto.NormalizedSbomDataDTO,setDigitalFootprint/1[java.lang.String],false,147,0,2,2,0,1,0,3,0,0,1,0,0,0,0,0,0,0,0,0,1,0,0,0,0,0,4,1,0,false
D:\UMBC\701\sbom-finder\sbom-finder-backend\src\main\java\com\sbomfinder\dto\NormalizedSbomDataDTO.java,com.sbomfinder.dto.NormalizedSbomDataDTO,setCategory/1[java.lang.String],false,131,0,2,2,0,1,0,3,0,0,1,0,0,0,0,0,0,0,0,0,1,0,0,0,0,0,3,1,0,false
D:\UMBC\701\sbom-finder\sbom-finder-backend\src\main\java\com\sbomfinder\dto\NormalizedSbomDataDTO.java,com.sbomfinder.dto.NormalizedSbomDataDTO,setDeviceName/1[java.lang.String],false,123,0,2,2,0,1,0,3,0,0,1,0,0,0,0,0,0,0,0,0,1,0,0,0,0,0,4,1,0,false
D:\UMBC\701\sbom-finder\sbom-finder-backend\src\main\java\com\sbomfinder\dto\NormalizedSbomDataDTO.java,com.sbomfinder.dto.NormalizedSbomDataDTO,getExternalReferences/0,false,90,1,1,1,0,1,0,3,1,0,0,0,0,0,0,0,0,0,0,0,0,0,0,0,0,0,4,1,0,false
D:\UMBC\701\sbom-finder\sbom-finder-backend\src\main\java\com\sbomfinder\dto\NormalizedSbomDataDTO.java,com.sbomfinder.dto.NormalizedSbomDataDTO,getKernelVersion/0,false,78,0,1,1,0,1,0,3,1,0,0,0,0,0,0,0,0,0,0,0,0,0,0,0,0,0,4,1,0,false
D:\UMBC\701\sbom-finder\sbom-finder-backend\src\main\java\com\sbomfinder\dto\NormalizedSbomDataDTO.java,com.sbomfinder.dto.NormalizedSbomDataDTO,setSpecVersion/1[java.lang.String],false,99,0,2,2,0,1,0,3,0,0,1,0,0,0,0,0,0,0,0,0,1,0,0,0,0,0,4,1,0,false
D:\UMBC\701\sbom-finder\sbom-finder-backend\src\main\java\com\sbomfinder\dto\NormalizedSbomDataDTO.java,com.sbomfinder.dto.NormalizedSbomDataDTO,setOsVersion/1[java.lang.String],false,139,0,2,2,0,1,0,3,0,0,1,0,0,0,0,0,0,0,0,0,1,0,0,0,0,0,4,1,0,false
D:\UMBC\701\sbom-finder\sbom-finder-backend\src\main\java\com\sbomfinder\dto\NormalizedSbomDataDTO.java,com.sbomfinder.dto.NormalizedSbomDataDTO,setVendor/1[java.lang.String],false,115,0,2,2,0,1,0,3,0,0,1,0,0,0,0,0,0,0,0,0,1,0,0,0,0,0,3,1,0,false
D:\UMBC\701\sbom-finder\sbom-finder-backend\src\main\java\com\sbomfinder\dto\NormalizedSbomDataDTO.java,com.sbomfinder.dto.NormalizedSbomDataDTO,setDocumentNamespace/1[java.lang.String],false,107,0,2,2,0,1,0,3,0,0,1,0,0,0,0,0,0,0,0,0,1,0,0,0,0,0,4,1,0,false
D:\UMBC\701\sbom-finder\sbom-finder-backend\src\main\java\com\sbomfinder\dto\NormalizedSbomDataDTO.java,com.sbomfinder.dto.NormalizedSbomDataDTO,getManufacturer/0,false,62,0,1,1,0,1,0,3,1,0,0,0,0,0,0,0,0,0,0,0,0,0,0,0,0,0,3,1,0,false
D:\UMBC\701\sbom-finder\sbom-finder-backend\src\main\java\com\sbomfinder\dto\NormalizedSbomDataDTO.java,com.sbomfinder.dto.NormalizedSbomDataDTO,setCreatedTime/1[java.time.LocalDateTime],false,111,0,2,2,0,1,0,3,0,0,1,0,0,0,0,0,0,0,0,0,1,0,0,0,0,0,6,1,0,false
D:\UMBC\701\sbom-finder\sbom-finder-backend\src\main\java\com\sbomfinder\dto\NormalizedSbomDataDTO.java,com.sbomfinder.dto.NormalizedSbomDataDTO,getOsVersion/0,false,74,0,1,1,0,1,0,3,1,0,0,0,0,0,0,0,0,0,0,0,0,0,0,0,0,0,4,1,0,false
D:\UMBC\701\sbom-finder\sbom-finder-backend\src\main\java\com\sbomfinder\dto\NormalizedSbomDataDTO.java,com.sbomfinder.dto.NormalizedSbomDataDTO,getOperatingSystem/0,false,70,0,1,1,0,1,0,3,1,0,0,0,0,0,0,0,0,0,0,0,0,0,0,0,0,0,4,1,0,false
D:\UMBC\701\sbom-finder\sbom-finder-backend\src\main\java\com\sbomfinder\dto\NormalizedSbomDataDTO.java,com.sbomfinder.dto.NormalizedSbomDataDTO,getCategory/0,false,66,0,1,1,0,1,0,3,1,0,0,0,0,0,0,0,0,0,0,0,0,0,0,0,0,0,3,1,0,false
D:\UMBC\701\sbom-finder\sbom-finder-backend\src\main\java\com\sbomfinder\dto\NormalizedSbomDataDTO.java,com.sbomfinder.dto.NormalizedSbomDataDTO,setExternalReferences/1[java.util.List<com.sbomfinder.dto.JsonNode>],false,155,1,2,2,0,1,0,3,0,0,1,0,0,0,0,0,0,0,0,0,1,0,0,0,0,0,4,1,0,false
D:\UMBC\701\sbom-finder\sbom-finder-backend\src\main\java\com\sbomfinder\dto\NormalizedSbomDataDTO.java,com.sbomfinder.dto.NormalizedSbomDataDTO,getDeviceName/0,false,58,0,1,1,0,1,0,3,1,0,0,0,0,0,0,0,0,0,0,0,0,0,0,0,0,0,4,1,0,false
D:\UMBC\701\sbom-finder\sbom-finder-backend\src\main\java\com\sbomfinder\dto\NormalizedSbomDataDTO.java,com.sbomfinder.dto.NormalizedSbomDataDTO,getFormat/0,false,30,0,1,1,0,1,0,3,1,0,0,0,0,0,0,0,0,0,0,0,0,0,0,0,0,0,3,1,0,false
D:\UMBC\701\sbom-finder\sbom-finder-backend\src\main\java\com\sbomfinder\dto\NormalizedSbomDataDTO.java,com.sbomfinder.dto.NormalizedSbomDataDTO,getSpecVersion/0,false,34,0,1,1,0,1,0,3,1,0,0,0,0,0,0,0,0,0,0,0,0,0,0,0,0,0,4,1,0,false
D:\UMBC\701\sbom-finder\sbom-finder-backend\src\main\java\com\sbomfinder\dto\NormalizedSbomDataDTO.java,com.sbomfinder.dto.NormalizedSbomDataDTO,setPackages/1[java.util.List<com.sbomfinder.dto.JsonNode>],false,151,1,2,2,0,1,0,3,0,0,1,0,0,0,0,0,0,0,0,0,1,0,0,0,0,0,3,1,0,false
D:\UMBC\701\sbom-finder\sbom-finder-backend\src\main\java\com\sbomfinder\dto\NormalizedSbomDataDTO.java,com.sbomfinder.dto.NormalizedSbomDataDTO,getCreatedTime/0,false,46,0,1,1,0,1,0,3,1,0,0,0,0,0,0,0,0,0,0,0,0,0,0,0,0,0,6,1,0,false
D:\UMBC\701\sbom-finder\sbom-finder-backend\src\main\java\com\sbomfinder\dto\NormalizedSbomDataDTO.java,com.sbomfinder.dto.NormalizedSbomDataDTO,getDigitalFootprint/0,false,82,0,1,1,0,1,0,3,1,0,0,0,0,0,0,0,0,0,0,0,0,0,0,0,0,0,4,1,0,false
D:\UMBC\701\sbom-finder\sbom-finder-backend\src\main\java\com\sbomfinder\dto\NormalizedSbomDataDTO.java,com.sbomfinder.dto.NormalizedSbomDataDTO,setKernelVersion/1[java.lang.String],false,143,0,2,2,0,1,0,3,0,0,1,0,0,0,0,0,0,0,0,0,1,0,0,0,0,0,4,1,0,false
D:\UMBC\701\sbom-finder\sbom-finder-backend\src\main\java\com\sbomfinder\dto\NormalizedSbomDataDTO.java,com.sbomfinder.dto.NormalizedSbomDataDTO,setManufacturer/1[java.lang.String],false,127,0,2,2,0,1,0,3,0,0,1,0,0,0,0,0,0,0,0,0,1,0,0,0,0,0,3,1,0,false
D:\UMBC\701\sbom-finder\sbom-finder-backend\src\main\java\com\sbomfinder\dto\NormalizedSbomDataDTO.java,com.sbomfinder.dto.NormalizedSbomDataDTO,setToolName/1[java.lang.String],false,119,0,2,2,0,1,0,3,0,0,1,0,0,0,0,0,0,0,0,0,1,0,0,0,0,0,4,1,0,false
D:\UMBC\701\sbom-finder\sbom-finder-backend\src\main\java\com\sbomfinder\dto\NormalizedSbomDataDTO.java,com.sbomfinder.dto.NormalizedSbomDataDTO,getDocumentNamespace/0,false,42,0,1,1,0,1,0,3,1,0,0,0,0,0,0,0,0,0,0,0,0,0,0,0,0,0,4,1,0,false
D:\UMBC\701\sbom-finder\sbom-finder-backend\src\main\java\com\sbomfinder\service\DeviceService.java,com.sbomfinder.service.DeviceService,getVulnerabilitiesForDevice/1[com.sbomfinder.model.Device],false,27,5,16,2,14,2,18,17,2,4,1,18,0,0,1,0,0,0,0,0,3,0,1,0,0,1,17,1,0,false
D:\UMBC\701\sbom-finder\sbom-finder-backend\src\main\java\com\sbomfinder\repository\SoftwarePackageRepository.java,com.sbomfinder.repository.SoftwarePackageRepository,findBySbomId/1[java.lang.Long],false,10,1,0,0,0,1,0,1,0,0,1,0,0,0,0,0,0,0,0,0,0,0,0,0,0,0,6,0,0,false
D:\UMBC\701\sbom-finder\sbom-finder-backend\src\main\java\com\sbomfinder\repository\SoftwarePackageRepository.java,com.sbomfinder.repository.SoftwarePackageRepository,findOSBySbomId/1[java.lang.Long],false,22,2,1,0,1,1,1,3,1,0,1,1,1,1,0,0,0,0,1,0,0,0,0,0,0,0,11,65536,0,false
D:\UMBC\701\sbom-finder\sbom-finder-backend\src\main\java\com\sbomfinder\repository\SoftwarePackageRepository.java,com.sbomfinder.repository.SoftwarePackageRepository,"findByDeviceNameAndManufacturer/2[java.lang.String,java.lang.String]",false,30,2,1,1,0,1,0,1,0,0,2,0,0,0,0,0,0,0,1,0,0,0,0,0,0,0,20,0,0,false
D:\UMBC\701\sbom-finder\sbom-finder-backend\src\main\java\com\sbomfinder\repository\SoftwarePackageRepository.java,com.sbomfinder.repository.SoftwarePackageRepository,"existsByNameAndVersion/2[java.lang.String,java.lang.String]",false,11,0,1,1,0,1,0,1,0,0,2,0,0,0,0,0,0,0,0,0,0,0,0,0,0,0,6,0,0,false
D:\UMBC\701\sbom-finder\sbom-finder-backend\src\main\java\com\sbomfinder\repository\SoftwarePackageRepository.java,com.sbomfinder.repository.SoftwarePackageRepository,findFirmwareBySbomId/1[java.lang.Long],false,16,2,1,0,1,1,1,3,1,0,1,1,1,1,0,0,0,0,1,0,0,0,0,0,0,0,10,65536,0,false
D:\UMBC\701\sbom-finder\sbom-finder-backend\src\main\java\com\sbomfinder\repository\SoftwarePackageRepository.java,com.sbomfinder.repository.SoftwarePackageRepository,"findPackagesBySbomIdAndKeyword/2[java.lang.Long,java.lang.String]",false,13,2,3,3,0,1,0,1,0,0,2,0,0,0,0,0,0,0,1,0,0,0,0,0,0,0,25,0,0,false
D:\UMBC\701\sbom-finder\sbom-finder-backend\src\main\java\com\sbomfinder\repository\SoftwarePackageRepository.java,com.sbomfinder.repository.SoftwarePackageRepository,findByDeviceId/1[java.lang.Long],false,20,1,3,3,0,1,0,1,0,0,1,0,0,0,0,0,0,0,0,0,0,0,0,0,0,0,6,0,0,false
D:\UMBC\701\sbom-finder\sbom-finder-backend\src\main\java\com\sbomfinder\repository\SoftwarePackageRepository.java,com.sbomfinder.repository.SoftwarePackageRepository,findDriversBySbomId/1[java.lang.Long],false,26,2,1,0,1,1,1,3,1,0,1,1,1,1,0,0,0,0,1,0,0,0,0,0,0,0,10,65536,0,false
D:\UMBC\701\sbom-finder\sbom-finder-backend\src\main\java\com\sbomfinder\dto\DeviceComparisonDTO.java,com.sbomfinder.dto.DeviceComparisonDTO,getDevice2/0,false,13,1,0,0,0,1,0,3,1,0,0,0,0,0,0,0,0,0,0,0,0,0,0,0,0,0,8,1,0,false
D:\UMBC\701\sbom-finder\sbom-finder-backend\src\main\java\com\sbomfinder\dto\DeviceComparisonDTO.java,com.sbomfinder.dto.DeviceComparisonDTO,getDevice1/0,false,12,1,0,0,0,1,0,3,1,0,0,0,0,0,0,0,0,0,0,0,0,0,0,0,0,0,8,1,0,false
D:\UMBC\701\sbom-finder\sbom-finder-backend\src\main\java\com\sbomfinder\dto\DeviceComparisonDTO.java,com.sbomfinder.dto.DeviceComparisonDTO,"DeviceComparisonDTO/2[com.sbomfinder.dto.DeviceDetailsDTO,com.sbomfinder.dto.DeviceDetailsDTO]",true,7,1,1,1,0,1,0,4,0,0,2,0,0,0,0,0,0,0,0,0,2,0,0,0,0,0,8,1,0,false
D:\UMBC\701\sbom-finder\sbom-finder-backend\src\main\java\com\sbomfinder\service\SbomService.java,com.sbomfinder.service.SbomService,extractMavenNameFromPurl/1[java.lang.String],false,171,0,0,0,0,5,4,14,2,1,1,4,0,0,0,2,1,0,7,4,1,2,3,0,0,0,11,2,0,false
D:\UMBC\701\sbom-finder\sbom-finder-backend\src\main\java\com\sbomfinder\service\SbomService.java,com.sbomfinder.service.SbomService,extractEcosystemFromPurl/1[java.lang.String],false,193,0,1,1,0,13,6,34,11,3,1,6,0,0,0,1,1,0,21,2,3,1,3,0,0,0,12,2,0,false
D:\UMBC\701\sbom-finder\sbom-finder-backend\src\main\java\com\sbomfinder\service\SbomService.java,com.sbomfinder.service.SbomService,extractDomain/1[java.lang.String],false,219,0,1,1,0,3,2,10,2,2,1,2,0,0,0,1,1,0,4,0,2,0,1,0,0,0,11,9,0,false
D:\UMBC\701\sbom-finder\sbom-finder-backend\src\main\java\com\sbomfinder\service\SbomService.java,com.sbomfinder.service.SbomService,"processSpdxPackages/3[java.util.List<com.sbomfinder.service.JsonNode>,com.sbomfinder.model.Sbom,com.sbomfinder.model.Device]",false,31,5,8,1,7,6,11,23,0,4,3,11,1,3,2,1,0,0,9,0,5,0,4,0,0,0,22,1,0,false
D:\UMBC\701\sbom-finder\sbom-finder-backend\src\main\java\com\sbomfinder\service\SbomService.java,com.sbomfinder.service.SbomService,"extractNameFromPurl/2[java.lang.String,java.lang.String]",false,186,0,1,1,0,3,4,6,2,0,2,4,0,0,0,1,0,0,3,2,0,1,1,0,0,0,7,2,0,false
D:\UMBC\701\sbom-finder\sbom-finder-backend\src\main\java\com\sbomfinder\service\SbomService.java,com.sbomfinder.service.SbomService,checkAndSaveVulnerabilities/1[com.sbomfinder.model.SoftwarePackage],false,151,4,7,2,5,3,8,13,0,3,1,8,1,2,1,1,0,0,0,0,4,0,1,0,0,1,17,1,0,false
D:\UMBC\701\sbom-finder\sbom-finder-backend\src\main\java\com\sbomfinder\service\SbomService.java,com.sbomfinder.service.SbomService,cleanDeviceName/1[java.lang.String],false,229,0,2,2,0,4,6,5,2,1,1,6,0,0,0,1,0,0,5,1,1,1,1,0,0,0,6,9,0,false
D:\UMBC\701\sbom-finder\sbom-finder-backend\src\main\java\com\sbomfinder\service\SbomService.java,com.sbomfinder.service.SbomService,"processCycloneDXPackages/3[java.util.List<com.sbomfinder.service.JsonNode>,com.sbomfinder.model.Sbom,com.sbomfinder.model.Device]",false,58,6,6,1,5,5,10,13,0,3,3,10,1,3,1,0,0,0,12,2,3,0,2,0,0,0,20,1,0,false
D:\UMBC\701\sbom-finder\sbom-finder-backend\src\main\java\com\sbomfinder\service\SbomService.java,com.sbomfinder.service.SbomService,fetchVulnerabilitiesFromOsv/1[com.sbomfinder.model.SoftwarePackage],false,81,8,11,1,10,10,26,52,2,18,1,26,2,1,2,1,1,0,24,2,20,2,6,0,0,0,51,1,0,false
D:\UMBC\701\sbom-finder\sbom-finder-backend\src\main\java\com\sbomfinder\dto\SoftwareUpdateDTO.java,com.sbomfinder.dto.SoftwareUpdateDTO,"SoftwareUpdateDTO/4[java.lang.String,java.lang.String,java.lang.String,java.lang.String]",true,9,0,0,0,0,1,0,6,0,0,4,0,0,0,0,0,0,0,0,0,4,0,0,0,0,0,11,1,0,false
D:\UMBC\701\sbom-finder\sbom-finder-backend\src\main\java\com\sbomfinder\dto\SoftwareUpdateDTO.java,com.sbomfinder.dto.SoftwareUpdateDTO,getSoftwareName/0,false,16,0,0,0,0,1,0,3,1,0,0,0,0,0,0,0,0,0,0,0,0,0,0,0,0,0,4,1,0,false
D:\UMBC\701\sbom-finder\sbom-finder-backend\src\main\java\com\sbomfinder\dto\SoftwareUpdateDTO.java,com.sbomfinder.dto.SoftwareUpdateDTO,getNewVersion/0,false,19,0,0,0,0,1,0,3,1,0,0,0,0,0,0,0,0,0,0,0,0,0,0,0,0,0,4,1,0,false
D:\UMBC\701\sbom-finder\sbom-finder-backend\src\main\java\com\sbomfinder\dto\SoftwareUpdateDTO.java,com.sbomfinder.dto.SoftwareUpdateDTO,getOldVersion/0,false,18,0,0,0,0,1,0,3,1,0,0,0,0,0,0,0,0,0,0,0,0,0,0,0,0,0,4,1,0,false
D:\UMBC\701\sbom-finder\sbom-finder-backend\src\main\java\com\sbomfinder\dto\SoftwareUpdateDTO.java,com.sbomfinder.dto.SoftwareUpdateDTO,getStatus/0,false,17,0,0,0,0,1,0,3,1,0,0,0,0,0,0,0,0,0,0,0,0,0,0,0,0,0,3,1,0,false
D:\UMBC\701\sbom-finder\sbom-finder-backend\src\main\java\com\sbomfinder\config\WebConfig.java,com.yourcompany.yourapp.config.WebConfig,addCorsMappings/1[com.yourcompany.yourapp.config.CorsRegistry],false,11,1,0,0,0,1,4,3,0,0,1,4,0,0,0,0,0,0,6,0,0,0,0,0,0,0,6,1,0,false
D:\UMBC\701\sbom-finder\sbom-finder-backend\src\main\java\com\sbomfinder\model\SoftwarePackage.java,com.sbomfinder.model.SoftwarePackage,SoftwarePackage/0,true,66,0,1,1,0,1,0,2,0,0,0,0,0,0,0,0,0,0,0,0,0,0,0,0,0,0,2,1,0,false
D:\UMBC\701\sbom-finder\sbom-finder-backend\src\main\java\com\sbomfinder\model\SoftwarePackage.java,com.sbomfinder.model.SoftwarePackage,getLicenseConcluded/0,false,90,0,0,0,0,1,0,3,1,0,0,0,0,0,0,0,0,0,0,0,0,0,0,0,0,0,4,1,0,false
D:\UMBC\701\sbom-finder\sbom-finder-backend\src\main\java\com\sbomfinder\model\SoftwarePackage.java,com.sbomfinder.model.SoftwarePackage,getSbom/0,false,84,1,0,0,0,1,0,3,1,0,0,0,0,0,0,0,0,0,0,0,0,0,0,0,0,0,3,1,0,false
D:\UMBC\701\sbom-finder\sbom-finder-backend\src\main\java\com\sbomfinder\model\SoftwarePackage.java,com.sbomfinder.model.SoftwarePackage,setLicenseDeclared/1[java.lang.String],false,106,0,0,0,0,1,0,3,0,0,1,0,0,0,0,0,0,0,0,0,1,0,0,0,0,0,4,1,0,false
D:\UMBC\701\sbom-finder\sbom-finder-backend\src\main\java\com\sbomfinder\model\SoftwarePackage.java,com.sbomfinder.model.SoftwarePackage,setCopyrightText/1[java.lang.String],false,108,0,0,0,0,1,0,3,0,0,1,0,0,0,0,0,0,0,0,0,1,0,0,0,0,0,4,1,0,false
D:\UMBC\701\sbom-finder\sbom-finder-backend\src\main\java\com\sbomfinder\model\SoftwarePackage.java,com.sbomfinder.model.SoftwarePackage,setVulnerabilities/1[java.util.Set<com.sbomfinder.model.Vulnerability>],false,62,1,1,1,0,1,0,3,0,0,1,0,0,0,0,0,0,0,0,0,1,0,0,0,0,0,3,1,0,false
D:\UMBC\701\sbom-finder\sbom-finder-backend\src\main\java\com\sbomfinder\model\SoftwarePackage.java,com.sbomfinder.model.SoftwarePackage,setLicenseConcluded/1[java.lang.String],false,107,0,0,0,0,1,0,3,0,0,1,0,0,0,0,0,0,0,0,0,1,0,0,0,0,0,4,1,0,false
D:\UMBC\701\sbom-finder\sbom-finder-backend\src\main\java\com\sbomfinder\model\SoftwarePackage.java,com.sbomfinder.model.SoftwarePackage,getDownloadLocation/0,false,88,0,0,0,0,1,0,3,1,0,0,0,0,0,0,0,0,0,0,0,0,0,0,0,0,0,4,1,0,false
D:\UMBC\701\sbom-finder\sbom-finder-backend\src\main\java\com\sbomfinder\model\SoftwarePackage.java,com.sbomfinder.model.SoftwarePackage,getName/0,false,85,0,4,4,0,1,0,3,1,0,0,0,0,0,0,0,0,0,0,0,0,0,0,0,0,0,3,1,0,false
D:\UMBC\701\sbom-finder\sbom-finder-backend\src\main\java\com\sbomfinder\model\SoftwarePackage.java,com.sbomfinder.model.SoftwarePackage,getVulnerabilities/0,false,94,1,3,3,0,1,0,3,1,0,0,0,0,0,0,0,0,0,0,0,0,0,0,0,0,0,3,1,0,false
D:\UMBC\701\sbom-finder\sbom-finder-backend\src\main\java\com\sbomfinder\model\SoftwarePackage.java,com.sbomfinder.model.SoftwarePackage,"SoftwarePackage/9[com.sbomfinder.model.Sbom,java.lang.String,java.lang.String,java.lang.String,java.lang.String,java.lang.String,java.lang.String,java.lang.String,java.lang.String]",true,70,1,1,1,0,1,0,11,0,0,9,0,0,0,0,0,0,0,0,0,9,0,0,0,0,0,16,1,0,false
D:\UMBC\701\sbom-finder\sbom-finder-backend\src\main\java\com\sbomfinder\model\SoftwarePackage.java,com.sbomfinder.model.SoftwarePackage,getComponentType/0,false,92,0,3,3,0,1,0,3,1,0,0,0,0,0,0,0,0,0,0,0,0,0,0,0,0,0,4,1,0,false
D:\UMBC\701\sbom-finder\sbom-finder-backend\src\main\java\com\sbomfinder\model\SoftwarePackage.java,com.sbomfinder.model.SoftwarePackage,setComponentType/1[java.lang.String],false,109,0,0,0,0,1,0,3,0,0,1,0,0,0,0,0,0,0,0,0,1,0,0,0,0,0,4,1,0,false
D:\UMBC\701\sbom-finder\sbom-finder-backend\src\main\java\com\sbomfinder\model\SoftwarePackage.java,com.sbomfinder.model.SoftwarePackage,getCopyrightText/0,false,91,0,0,0,0,1,0,3,1,0,0,0,0,0,0,0,0,0,0,0,0,0,0,0,0,0,4,1,0,false
D:\UMBC\701\sbom-finder\sbom-finder-backend\src\main\java\com\sbomfinder\model\SoftwarePackage.java,com.sbomfinder.model.SoftwarePackage,getLicenseDeclared/0,false,89,0,0,0,0,1,0,3,1,0,0,0,0,0,0,0,0,0,0,0,0,0,0,0,0,0,4,1,0,false
D:\UMBC\701\sbom-finder\sbom-finder-backend\src\main\java\com\sbomfinder\model\SoftwarePackage.java,com.sbomfinder.model.SoftwarePackage,setDevice/1[com.sbomfinder.model.Device],false,112,1,2,2,0,1,0,3,0,0,1,0,0,0,0,0,0,0,0,0,1,0,0,0,0,0,3,1,0,false
D:\UMBC\701\sbom-finder\sbom-finder-backend\src\main\java\com\sbomfinder\model\SoftwarePackage.java,com.sbomfinder.model.SoftwarePackage,setVersion/1[java.lang.String],false,103,0,1,1,0,1,0,3,0,0,1,0,0,0,0,0,0,0,0,0,1,0,0,0,0,0,3,1,0,false
D:\UMBC\701\sbom-finder\sbom-finder-backend\src\main\java\com\sbomfinder\model\SoftwarePackage.java,com.sbomfinder.model.SoftwarePackage,setVulnerabilities/1[java.util.List<com.sbomfinder.model.Vulnerability>],false,111,1,0,0,0,1,0,3,0,0,1,0,0,0,0,0,0,0,0,0,1,0,0,0,0,0,3,1,0,false
D:\UMBC\701\sbom-finder\sbom-finder-backend\src\main\java\com\sbomfinder\model\SoftwarePackage.java,com.sbomfinder.model.SoftwarePackage,getPurl/0,false,93,0,1,1,0,1,0,3,1,0,0,0,0,0,0,0,0,0,0,0,0,0,0,0,0,0,3,1,0,false
D:\UMBC\701\sbom-finder\sbom-finder-backend\src\main\java\com\sbomfinder\model\SoftwarePackage.java,com.sbomfinder.model.SoftwarePackage,setName/1[java.lang.String],false,102,0,1,1,0,1,0,3,0,0,1,0,0,0,0,0,0,0,0,0,1,0,0,0,0,0,3,1,0,false
D:\UMBC\701\sbom-finder\sbom-finder-backend\src\main\java\com\sbomfinder\model\SoftwarePackage.java,com.sbomfinder.model.SoftwarePackage,getId/0,false,83,0,3,3,0,1,0,3,1,0,0,0,0,0,0,0,0,0,0,0,0,0,0,0,0,0,4,1,0,false
D:\UMBC\701\sbom-finder\sbom-finder-backend\src\main\java\com\sbomfinder\model\SoftwarePackage.java,com.sbomfinder.model.SoftwarePackage,setSbom/1[com.sbomfinder.model.Sbom],false,101,1,1,1,0,1,0,3,0,0,1,0,0,0,0,0,0,0,0,0,1,0,0,0,0,0,3,1,0,false
D:\UMBC\701\sbom-finder\sbom-finder-backend\src\main\java\com\sbomfinder\model\SoftwarePackage.java,com.sbomfinder.model.SoftwarePackage,setSupplier/1[java.lang.String],false,104,0,0,0,0,1,0,3,0,0,1,0,0,0,0,0,0,0,0,0,1,0,0,0,0,0,3,1,0,false
D:\UMBC\701\sbom-finder\sbom-finder-backend\src\main\java\com\sbomfinder\model\SoftwarePackage.java,com.sbomfinder.model.SoftwarePackage,setId/1[java.lang.Long],false,100,0,0,0,0,1,0,3,0,0,1,0,0,0,0,0,0,0,0,0,1,0,0,0,0,0,4,1,0,false
D:\UMBC\701\sbom-finder\sbom-finder-backend\src\main\java\com\sbomfinder\model\SoftwarePackage.java,com.sbomfinder.model.SoftwarePackage,setPurl/1[java.lang.String],false,110,0,2,2,0,1,0,3,0,0,1,0,0,0,0,0,0,0,0,0,1,0,0,0,0,0,3,1,0,false
D:\UMBC\701\sbom-finder\sbom-finder-backend\src\main\java\com\sbomfinder\model\SoftwarePackage.java,com.sbomfinder.model.SoftwarePackage,getSupplier/0,false,87,0,3,3,0,1,0,3,1,0,0,0,0,0,0,0,0,0,0,0,0,0,0,0,0,0,3,1,0,false
D:\UMBC\701\sbom-finder\sbom-finder-backend\src\main\java\com\sbomfinder\model\SoftwarePackage.java,com.sbomfinder.model.SoftwarePackage,getVersion/0,false,86,0,4,4,0,1,0,3,1,0,0,0,0,0,0,0,0,0,0,0,0,0,0,0,0,0,3,1,0,false
D:\UMBC\701\sbom-finder\sbom-finder-backend\src\main\java\com\sbomfinder\model\SoftwarePackage.java,com.sbomfinder.model.SoftwarePackage,getDevice/0,false,95,1,0,0,0,1,0,3,1,0,0,0,0,0,0,0,0,0,0,0,0,0,0,0,0,0,3,1,0,false
D:\UMBC\701\sbom-finder\sbom-finder-backend\src\main\java\com\sbomfinder\model\SoftwarePackage.java,com.sbomfinder.model.SoftwarePackage,setDownloadLocation/1[java.lang.String],false,105,0,0,0,0,1,0,3,0,0,1,0,0,0,0,0,0,0,0,0,1,0,0,0,0,0,4,1,0,false
D:\UMBC\701\sbom-finder\sbom-finder-backend\src\main\java\com\sbomfinder\repository\SbomRepository.java,com.sbomfinder.repository.SbomRepository,findByDocumentNamespace/1[java.lang.String],false,13,1,0,0,0,1,0,1,0,0,1,0,0,0,0,0,0,0,0,0,0,0,0,0,0,0,5,0,0,false
D:\UMBC\701\sbom-finder\sbom-finder-backend\src\main\java\com\sbomfinder\repository\SbomRepository.java,com.sbomfinder.repository.SbomRepository,findByDeviceId/1[java.lang.Long],false,11,3,0,0,0,1,0,1,0,0,1,0,0,0,0,0,0,0,2,0,0,0,0,0,0,0,15,0,0,false
D:\UMBC\701\sbom-finder\sbom-finder-backend\src\main\java\com\sbomfinder\controller\DeviceController.java,com.sbomfinder.controller.DeviceController,DeviceController/1[com.sbomfinder.repository.DeviceRepository],true,42,1,0,0,0,1,0,3,0,0,1,0,0,0,0,0,0,0,0,0,1,0,0,0,0,0,4,1,0,false
D:\UMBC\701\sbom-finder\sbom-finder-backend\src\main\java\com\sbomfinder\controller\DeviceController.java,com.sbomfinder.controller.DeviceController,listAllDevices/0,false,258,3,2,0,2,1,9,11,2,4,0,9,0,0,0,0,0,0,3,0,3,0,1,0,0,1,7,1,0,false
D:\UMBC\701\sbom-finder\sbom-finder-backend\src\main\java\com\sbomfinder\controller\DeviceController.java,com.sbomfinder.controller.DeviceController,getAllDevices/0,false,107,14,35,0,35,1,46,24,4,11,0,46,0,0,0,0,0,0,1,0,7,0,3,0,0,4,24,1,0,false
D:\UMBC\701\sbom-finder\sbom-finder-backend\src\main\java\com\sbomfinder\controller\DeviceController.java,com.sbomfinder.controller.DeviceController,getDeviceDetails/1[java.lang.Long],false,47,16,26,0,26,2,38,22,3,10,1,38,0,0,0,0,0,0,6,1,8,3,2,0,0,2,24,1,0,false
D:\UMBC\701\sbom-finder\sbom-finder-backend\src\main\java\com\sbomfinder\controller\DeviceController.java,com.sbomfinder.controller.DeviceController,"compareDevices/2[java.lang.Long,java.lang.Long]",false,168,15,26,0,26,3,37,33,4,19,2,37,0,0,0,0,0,0,10,1,15,6,1,0,0,4,36,1,0,false
D:\UMBC\701\sbom-finder\sbom-finder-backend\src\main\java\com\sbomfinder\model\Sbom.java,com.sbomfinder.model.Sbom,setDataLicense/1[java.lang.String],false,74,0,0,0,0,1,0,3,0,0,1,0,0,0,0,0,0,0,0,0,1,0,0,0,0,0,4,1,0,false
D:\UMBC\701\sbom-finder\sbom-finder-backend\src\main\java\com\sbomfinder\model\Sbom.java,com.sbomfinder.model.Sbom,getCreatorTool/0,false,66,0,0,0,0,1,0,3,1,0,0,0,0,0,0,0,0,0,0,0,0,0,0,0,0,0,4,1,0,false
D:\UMBC\701\sbom-finder\sbom-finder-backend\src\main\java\com\sbomfinder\model\Sbom.java,com.sbomfinder.model.Sbom,getSoftwarePackages/0,false,67,1,0,0,0,1,0,3,1,0,0,0,0,0,0,0,0,0,0,0,0,0,0,0,0,0,4,1,0,false
D:\UMBC\701\sbom-finder\sbom-finder-backend\src\main\java\com\sbomfinder\model\Sbom.java,com.sbomfinder.model.Sbom,setCreatorOrganization/1[java.lang.String],false,77,0,0,0,0,1,0,3,0,0,1,0,0,0,0,0,0,0,0,0,1,0,0,0,0,0,4,1,0,false
D:\UMBC\701\sbom-finder\sbom-finder-backend\src\main\java\com\sbomfinder\model\Sbom.java,com.sbomfinder.model.Sbom,"Sbom/7[java.lang.String,java.lang.String,java.lang.String,java.lang.String,java.time.LocalDateTime,java.lang.String,java.lang.String]",true,48,0,1,1,0,1,0,9,0,0,7,0,0,0,0,0,0,0,0,0,7,0,0,0,0,0,12,1,0,false
D:\UMBC\701\sbom-finder\sbom-finder-backend\src\main\java\com\sbomfinder\model\Sbom.java,com.sbomfinder.model.Sbom,setName/1[java.lang.String],false,72,0,0,0,0,1,0,3,0,0,1,0,0,0,0,0,0,0,0,0,1,0,0,0,0,0,3,1,0,false
D:\UMBC\701\sbom-finder\sbom-finder-backend\src\main\java\com\sbomfinder\model\Sbom.java,com.sbomfinder.model.Sbom,getDocumentNamespace/0,false,63,0,0,0,0,1,0,3,1,0,0,0,0,0,0,0,0,0,0,0,0,0,0,0,0,0,4,1,0,false
D:\UMBC\701\sbom-finder\sbom-finder-backend\src\main\java\com\sbomfinder\model\Sbom.java,com.sbomfinder.model.Sbom,getCreated/0,false,64,0,0,0,0,1,0,3,1,0,0,0,0,0,0,0,0,0,0,0,0,0,0,0,0,0,6,1,0,false
D:\UMBC\701\sbom-finder\sbom-finder-backend\src\main\java\com\sbomfinder\model\Sbom.java,com.sbomfinder.model.Sbom,setCreated/1[java.time.LocalDateTime],false,76,0,0,0,0,1,0,3,0,0,1,0,0,0,0,0,0,0,0,0,1,0,0,0,0,0,6,1,0,false
D:\UMBC\701\sbom-finder\sbom-finder-backend\src\main\java\com\sbomfinder\model\Sbom.java,com.sbomfinder.model.Sbom,Sbom/0,true,46,0,0,0,0,1,0,2,0,0,0,0,0,0,0,0,0,0,0,0,0,0,0,0,0,0,1,1,0,false
D:\UMBC\701\sbom-finder\sbom-finder-backend\src\main\java\com\sbomfinder\model\Sbom.java,com.sbomfinder.model.Sbom,getSpdxVersion/0,false,61,0,0,0,0,1,0,3,1,0,0,0,0,0,0,0,0,0,0,0,0,0,0,0,0,0,4,1,0,false
D:\UMBC\701\sbom-finder\sbom-finder-backend\src\main\java\com\sbomfinder\model\Sbom.java,com.sbomfinder.model.Sbom,setExternalReferences/1[java.util.List<com.sbomfinder.model.ExternalReference>],false,80,1,0,0,0,1,0,3,0,0,1,0,0,0,0,0,0,0,0,0,1,0,0,0,0,0,4,1,0,false
D:\UMBC\701\sbom-finder\sbom-finder-backend\src\main\java\com\sbomfinder\model\Sbom.java,com.sbomfinder.model.Sbom,getName/0,false,60,0,0,0,0,1,0,3,1,0,0,0,0,0,0,0,0,0,0,0,0,0,0,0,0,0,3,1,0,false
D:\UMBC\701\sbom-finder\sbom-finder-backend\src\main\java\com\sbomfinder\model\Sbom.java,com.sbomfinder.model.Sbom,setCreatorTool/1[java.lang.String],false,78,0,0,0,0,1,0,3,0,0,1,0,0,0,0,0,0,0,0,0,1,0,0,0,0,0,4,1,0,false
D:\UMBC\701\sbom-finder\sbom-finder-backend\src\main\java\com\sbomfinder\model\Sbom.java,com.sbomfinder.model.Sbom,setSoftwarePackages/1[java.util.List<com.sbomfinder.model.SoftwarePackage>],false,79,1,0,0,0,1,0,3,0,0,1,0,0,0,0,0,0,0,0,0,1,0,0,0,0,0,4,1,0,false
D:\UMBC\701\sbom-finder\sbom-finder-backend\src\main\java\com\sbomfinder\model\Sbom.java,com.sbomfinder.model.Sbom,getExternalReferences/0,false,68,1,1,1,0,1,0,3,1,0,0,0,0,0,0,0,0,0,0,0,0,0,0,0,0,0,4,1,0,false
D:\UMBC\701\sbom-finder\sbom-finder-backend\src\main\java\com\sbomfinder\model\Sbom.java,com.sbomfinder.model.Sbom,setDocumentNamespace/1[java.lang.String],false,75,0,0,0,0,1,0,3,0,0,1,0,0,0,0,0,0,0,0,0,1,0,0,0,0,0,4,1,0,false
D:\UMBC\701\sbom-finder\sbom-finder-backend\src\main\java\com\sbomfinder\model\Sbom.java,com.sbomfinder.model.Sbom,getId/0,false,59,0,3,3,0,1,0,3,1,0,0,0,0,0,0,0,0,0,0,0,0,0,0,0,0,0,4,1,0,false
D:\UMBC\701\sbom-finder\sbom-finder-backend\src\main\java\com\sbomfinder\model\Sbom.java,com.sbomfinder.model.Sbom,getDataLicense/0,false,62,0,0,0,0,1,0,3,1,0,0,0,0,0,0,0,0,0,0,0,0,0,0,0,0,0,4,1,0,false
D:\UMBC\701\sbom-finder\sbom-finder-backend\src\main\java\com\sbomfinder\model\Sbom.java,com.sbomfinder.model.Sbom,setId/1[java.lang.Long],false,71,0,0,0,0,1,0,3,0,0,1,0,0,0,0,0,0,0,0,0,1,0,0,0,0,0,4,1,0,false
D:\UMBC\701\sbom-finder\sbom-finder-backend\src\main\java\com\sbomfinder\model\Sbom.java,com.sbomfinder.model.Sbom,setSpdxVersion/1[java.lang.String],false,73,0,0,0,0,1,0,3,0,0,1,0,0,0,0,0,0,0,0,0,1,0,0,0,0,0,4,1,0,false
D:\UMBC\701\sbom-finder\sbom-finder-backend\src\main\java\com\sbomfinder\model\Sbom.java,com.sbomfinder.model.Sbom,getCreatorOrganization/0,false,65,0,0,0,0,1,0,3,1,0,0,0,0,0,0,0,0,0,0,0,0,0,0,0,0,0,4,1,0,false
D:\UMBC\701\sbom-finder\sbom-finder-backend\src\main\java\com\sbomfinder\model\Vulnerability.java,com.sbomfinder.model.Vulnerability,getSeverity/0,false,30,0,3,3,0,1,0,3,1,0,0,0,0,0,0,0,0,0,0,0,0,0,0,0,0,0,3,1,0,false
D:\UMBC\701\sbom-finder\sbom-finder-backend\src\main\java\com\sbomfinder\model\Vulnerability.java,com.sbomfinder.model.Vulnerability,getSourceUrl/0,false,31,0,3,3,0,1,0,3,1,0,0,0,0,0,0,0,0,0,0,0,0,0,0,0,0,0,4,1,0,false
D:\UMBC\701\sbom-finder\sbom-finder-backend\src\main\java\com\sbomfinder\model\Vulnerability.java,com.sbomfinder.model.Vulnerability,getSoftwarePackages/0,false,39,1,0,0,0,1,0,3,1,0,0,0,0,0,0,0,0,0,0,0,0,0,0,0,0,0,4,1,0,false
D:\UMBC\701\sbom-finder\sbom-finder-backend\src\main\java\com\sbomfinder\model\Vulnerability.java,com.sbomfinder.model.Vulnerability,setSoftwarePackages/1[java.util.Set<com.sbomfinder.model.SoftwarePackage>],false,43,1,0,0,0,1,0,3,0,0,1,0,0,0,0,0,0,0,0,0,1,0,0,0,0,0,4,1,0,false
D:\UMBC\701\sbom-finder\sbom-finder-backend\src\main\java\com\sbomfinder\model\Vulnerability.java,com.sbomfinder.model.Vulnerability,setSourceUrl/1[java.lang.String],false,37,0,1,1,0,1,0,3,0,0,1,0,0,0,0,0,0,0,0,0,1,0,0,0,0,0,4,1,0,false
D:\UMBC\701\sbom-finder\sbom-finder-backend\src\main\java\com\sbomfinder\model\Vulnerability.java,com.sbomfinder.model.Vulnerability,getDescription/0,false,29,0,3,3,0,1,0,3,1,0,0,0,0,0,0,0,0,0,0,0,0,0,0,0,0,0,3,1,0,false
D:\UMBC\701\sbom-finder\sbom-finder-backend\src\main\java\com\sbomfinder\model\Vulnerability.java,com.sbomfinder.model.Vulnerability,getId/0,false,27,0,0,0,0,1,0,3,1,0,0,0,0,0,0,0,0,0,0,0,0,0,0,0,0,0,4,1,0,false
D:\UMBC\701\sbom-finder\sbom-finder-backend\src\main\java\com\sbomfinder\model\Vulnerability.java,com.sbomfinder.model.Vulnerability,setId/1[java.lang.Long],false,33,0,0,0,0,1,0,3,0,0,1,0,0,0,0,0,0,0,0,0,1,0,0,0,0,0,4,1,0,false
D:\UMBC\701\sbom-finder\sbom-finder-backend\src\main\java\com\sbomfinder\model\Vulnerability.java,com.sbomfinder.model.Vulnerability,setDescription/1[java.lang.String],false,35,0,1,1,0,1,0,3,0,0,1,0,0,0,0,0,0,0,0,0,1,0,0,0,0,0,3,1,0,false
D:\UMBC\701\sbom-finder\sbom-finder-backend\src\main\java\com\sbomfinder\model\Vulnerability.java,com.sbomfinder.model.Vulnerability,setCveId/1[java.lang.String],false,34,0,1,1,0,1,0,3,0,0,1,0,0,0,0,0,0,0,0,0,1,0,0,0,0,0,4,1,0,false
D:\UMBC\701\sbom-finder\sbom-finder-backend\src\main\java\com\sbomfinder\model\Vulnerability.java,com.sbomfinder.model.Vulnerability,setSeverity/1[java.lang.String],false,36,0,1,1,0,1,0,3,0,0,1,0,0,0,0,0,0,0,0,0,1,0,0,0,0,0,3,1,0,false
D:\UMBC\701\sbom-finder\sbom-finder-backend\src\main\java\com\sbomfinder\model\Vulnerability.java,com.sbomfinder.model.Vulnerability,getCveId/0,false,28,0,4,4,0,1,0,3,1,0,0,0,0,0,0,0,0,0,0,0,0,0,0,0,0,0,4,1,0,false
D:\UMBC\701\sbom-finder\sbom-finder-backend\src\main\java\com\sbomfinder\repository\ExternalReferenceRepository.java,com.sbomfinder.repository.ExternalReferenceRepository,"findByDeviceNameAndManufacturer/2[java.lang.String,java.lang.String]",false,14,2,2,2,0,1,0,1,0,0,2,0,0,0,0,0,0,0,1,0,0,0,0,0,0,0,20,0,0,false
D:\UMBC\701\sbom-finder\sbom-finder-backend\src\main\java\com\sbomfinder\repository\ExternalReferenceRepository.java,com.sbomfinder.repository.ExternalReferenceRepository,existsByReferenceLocator/1[java.lang.String],false,13,0,0,0,0,1,0,1,0,0,1,0,0,0,0,0,0,0,0,0,0,0,0,0,0,0,5,0,0,false
D:\UMBC\701\sbom-finder\sbom-finder-backend\src\main\java\com\sbomfinder\repository\ExternalReferenceRepository.java,com.sbomfinder.repository.ExternalReferenceRepository,findBySbomId/1[java.lang.Long],false,12,1,0,0,0,1,0,1,0,0,1,0,0,0,0,0,0,0,0,0,0,0,0,0,0,0,6,0,0,false
D:\UMBC\701\sbom-finder\sbom-finder-backend\src\main\java\com\sbomfinder\dto\ExternalReferenceDTO.java,com.sbomfinder.dto.ExternalReferenceDTO,"ExternalReferenceDTO/3[java.lang.String,java.lang.String,java.lang.String]",true,8,0,3,3,0,1,0,5,0,0,3,0,0,0,0,0,0,0,0,0,3,0,0,0,0,0,9,1,0,false
D:\UMBC\701\sbom-finder\sbom-finder-backend\src\main\java\com\sbomfinder\dto\ExternalReferenceDTO.java,com.sbomfinder.dto.ExternalReferenceDTO,getReferenceLocator/0,false,16,0,0,0,0,1,0,3,1,0,0,0,0,0,0,0,0,0,0,0,0,0,0,0,0,0,4,1,0,false
D:\UMBC\701\sbom-finder\sbom-finder-backend\src\main\java\com\sbomfinder\dto\ExternalReferenceDTO.java,com.sbomfinder.dto.ExternalReferenceDTO,getReferenceCategory/0,false,14,0,0,0,0,1,0,3,1,0,0,0,0,0,0,0,0,0,0,0,0,0,0,0,0,0,4,1,0,false
D:\UMBC\701\sbom-finder\sbom-finder-backend\src\main\java\com\sbomfinder\dto\ExternalReferenceDTO.java,com.sbomfinder.dto.ExternalReferenceDTO,getReferenceType/0,false,15,0,0,0,0,1,0,3,1,0,0,0,0,0,0,0,0,0,0,0,0,0,0,0,0,0,4,1,0,false
D:\UMBC\701\sbom-finder\sbom-finder-backend\src\main\java\com\sbomfinder\model\Device.java,com.sbomfinder.model.Device,Device/0,true,38,0,0,0,0,1,0,2,0,0,0,0,0,0,0,0,0,0,0,0,0,0,0,0,0,0,1,1,0,false
D:\UMBC\701\sbom-finder\sbom-finder-backend\src\main\java\com\sbomfinder\model\Device.java,com.sbomfinder.model.Device,setOperatingSystem/1[java.lang.String],false,68,0,0,0,0,1,0,3,0,0,1,0,0,0,0,0,0,0,0,0,1,0,0,0,0,0,4,1,0,false
D:\UMBC\701\sbom-finder\sbom-finder-backend\src\main\java\com\sbomfinder\model\Device.java,com.sbomfinder.model.Device,setManufacturer/1[java.lang.String],false,66,0,0,0,0,1,0,3,0,0,1,0,0,0,0,0,0,0,0,0,1,0,0,0,0,0,3,1,0,false
D:\UMBC\701\sbom-finder\sbom-finder-backend\src\main\java\com\sbomfinder\model\Device.java,com.sbomfinder.model.Device,setDigitalFootprint/1[java.lang.String],false,71,0,0,0,0,1,0,3,0,0,1,0,0,0,0,0,0,0,0,0,1,0,0,0,0,0,4,1,0,false
D:\UMBC\701\sbom-finder\sbom-finder-backend\src\main\java\com\sbomfinder\model\Device.java,com.sbomfinder.model.Device,setSbom/1[com.sbomfinder.model.Sbom],false,72,1,0,0,0,1,0,3,0,0,1,0,0,0,0,0,0,0,0,0,1,0,0,0,0,0,3,1,0,false
D:\UMBC\701\sbom-finder\sbom-finder-backend\src\main\java\com\sbomfinder\model\Device.java,com.sbomfinder.model.Device,getDeviceName/0,false,54,0,5,5,0,1,0,3,1,0,0,0,0,0,0,0,0,0,0,0,0,0,0,0,0,0,4,1,0,false
D:\UMBC\701\sbom-finder\sbom-finder-backend\src\main\java\com\sbomfinder\model\Device.java,com.sbomfinder.model.Device,getKernelVersion/0,false,59,0,3,3,0,1,0,3,1,0,0,0,0,0,0,0,0,0,0,0,0,0,0,0,0,0,4,1,0,false
D:\UMBC\701\sbom-finder\sbom-finder-backend\src\main\java\com\sbomfinder\model\Device.java,com.sbomfinder.model.Device,setCategory/1[java.lang.String],false,67,0,0,0,0,1,0,3,0,0,1,0,0,0,0,0,0,0,0,0,1,0,0,0,0,0,3,1,0,false
D:\UMBC\701\sbom-finder\sbom-finder-backend\src\main\java\com\sbomfinder\model\Device.java,com.sbomfinder.model.Device,setKernelVersion/1[java.lang.String],false,70,0,0,0,0,1,0,3,0,0,1,0,0,0,0,0,0,0,0,0,1,0,0,0,0,0,4,1,0,false
D:\UMBC\701\sbom-finder\sbom-finder-backend\src\main\java\com\sbomfinder\model\Device.java,com.sbomfinder.model.Device,"Device/8[java.lang.String,java.lang.String,java.lang.String,java.lang.String,java.lang.String,java.lang.String,java.lang.String,com.sbomfinder.model.Sbom]",true,41,1,1,1,0,1,0,10,0,0,8,0,0,0,0,0,0,0,0,0,8,0,0,0,0,0,13,1,0,false
D:\UMBC\701\sbom-finder\sbom-finder-backend\src\main\java\com\sbomfinder\model\Device.java,com.sbomfinder.model.Device,getDigitalFootprint/0,false,60,0,3,3,0,1,0,3,1,0,0,0,0,0,0,0,0,0,0,0,0,0,0,0,0,0,4,1,0,false
D:\UMBC\701\sbom-finder\sbom-finder-backend\src\main\java\com\sbomfinder\model\Device.java,com.sbomfinder.model.Device,getOsVersion/0,false,58,0,3,3,0,1,0,3,1,0,0,0,0,0,0,0,0,0,0,0,0,0,0,0,0,0,4,1,0,false
D:\UMBC\701\sbom-finder\sbom-finder-backend\src\main\java\com\sbomfinder\model\Device.java,com.sbomfinder.model.Device,setDeviceName/1[java.lang.String],false,65,0,0,0,0,1,0,3,0,0,1,0,0,0,0,0,0,0,0,0,1,0,0,0,0,0,4,1,0,false
D:\UMBC\701\sbom-finder\sbom-finder-backend\src\main\java\com\sbomfinder\model\Device.java,com.sbomfinder.model.Device,getId/0,false,53,0,5,5,0,1,0,3,1,0,0,0,0,0,0,0,0,0,0,0,0,0,0,0,0,0,4,1,0,false
D:\UMBC\701\sbom-finder\sbom-finder-backend\src\main\java\com\sbomfinder\model\Device.java,com.sbomfinder.model.Device,setOsVersion/1[java.lang.String],false,69,0,0,0,0,1,0,3,0,0,1,0,0,0,0,0,0,0,0,0,1,0,0,0,0,0,4,1,0,false
D:\UMBC\701\sbom-finder\sbom-finder-backend\src\main\java\com\sbomfinder\model\Device.java,com.sbomfinder.model.Device,getSbom/0,false,61,1,3,3,0,1,0,3,1,0,0,0,0,0,0,0,0,0,0,0,0,0,0,0,0,0,3,1,0,false
D:\UMBC\701\sbom-finder\sbom-finder-backend\src\main\java\com\sbomfinder\model\Device.java,com.sbomfinder.model.Device,getCategory/0,false,56,0,4,4,0,1,0,3,1,0,0,0,0,0,0,0,0,0,0,0,0,0,0,0,0,0,3,1,0,false
D:\UMBC\701\sbom-finder\sbom-finder-backend\src\main\java\com\sbomfinder\model\Device.java,com.sbomfinder.model.Device,getOperatingSystem/0,false,57,0,4,4,0,1,0,3,1,0,0,0,0,0,0,0,0,0,0,0,0,0,0,0,0,0,4,1,0,false
D:\UMBC\701\sbom-finder\sbom-finder-backend\src\main\java\com\sbomfinder\model\Device.java,com.sbomfinder.model.Device,getManufacturer/0,false,55,0,4,4,0,1,0,3,1,0,0,0,0,0,0,0,0,0,0,0,0,0,0,0,0,0,3,1,0,false
D:\UMBC\701\sbom-finder\sbom-finder-backend\src\main\java\com\sbomfinder\model\Device.java,com.sbomfinder.model.Device,setId/1[java.lang.Long],false,64,0,0,0,0,1,0,3,0,0,1,0,0,0,0,0,0,0,0,0,1,0,0,0,0,0,4,1,0,false
D:\UMBC\701\sbom-finder\sbom-finder-backend\src\main\java\com\sbomfinder\controller\SbomController.java,com.sbomfinder.controller.SbomController,"parseSPDX/2[com.sbomfinder.controller.JsonNode,java.lang.String]",false,269,3,19,1,18,5,27,37,1,7,2,27,0,0,0,0,0,0,21,1,9,0,1,0,0,0,22,2,0,false
D:\UMBC\701\sbom-finder\sbom-finder-backend\src\main\java\com\sbomfinder\controller\SbomController.java,com.sbomfinder.controller.SbomController,detectFormat/1[com.sbomfinder.controller.JsonNode],false,142,1,1,1,0,4,4,9,3,0,1,4,0,0,0,0,0,0,7,0,0,0,1,0,0,0,5,2,0,false
D:\UMBC\701\sbom-finder\sbom-finder-backend\src\main\java\com\sbomfinder\controller\SbomController.java,com.sbomfinder.controller.SbomController,"parseCycloneDX/2[com.sbomfinder.controller.JsonNode,java.lang.String]",false,152,3,20,1,19,27,38,93,1,26,2,38,0,0,4,4,0,0,46,4,28,0,6,0,0,0,41,2,0,false
D:\UMBC\701\sbom-finder\sbom-finder-backend\src\main\java\com\sbomfinder\controller\SbomController.java,com.sbomfinder.controller.SbomController,"uploadSbom/2[com.sbomfinder.controller.MultipartFile,java.lang.String]",false,62,12,25,0,25,7,33,38,4,7,2,33,3,1,1,0,1,0,16,0,8,2,2,0,0,1,40,1,0,false
D:\UMBC\701\sbom-finder\sbom-finder-backend\src\main\java\com\sbomfinder\repository\DeviceRepository.java,com.sbomfinder.repository.DeviceRepository,findById/1[java.lang.Long],false,9,1,2,2,0,1,0,1,0,0,1,0,0,0,0,0,0,0,0,0,0,0,0,0,0,0,5,0,0,false
D:\UMBC\701\sbom-finder\sbom-finder-backend\src\main\java\com\sbomfinder\repository\DeviceRepository.java,com.sbomfinder.repository.DeviceRepository,"findByDeviceNameAndManufacturer/2[java.lang.String,java.lang.String]",false,8,1,1,1,0,1,0,1,0,0,2,0,0,0,0,0,0,0,0,0,0,0,0,0,0,0,7,0,0,false
